LONGITUDE,LATITUDE,TAXONOMY,MACRO_TAXONOMY,BUILDINGS,OCCUPANCY,AREA_PER_BUILDING_SQM,COST_PER_AREA_EUR,TOTAL_REPL_COST_EUR,COST_STRUCTURAL_EUR,COST_NONSTRUCTURAL_EUR,COST_CONTENTS_EUR,OCCUPANTS_PER_ASSET,OCCUPANTS_PER_ASSET_DAY,OCCUPANTS_PER_ASSET_NIGHT,OCCUPANTS_PER_ASSET_TRANSIT,OCCUPANTS_PER_ASSET_AVERAGE,NAME_2,ID_2,ID_0,NAME_0,ID_1,NAME_1
-4.448164287,54.36904925,CR+PC/LFM+CDN/H:1,"Concrete frame, low rise",3.3513982043834174,Ind,300,1758.75,1768331.7485608663,265249.76228412986,442082.9371402166,1060999.0491365194,125.4238183258516,51.96910827567996,4.378670921573806,8.419199228941116,21.58899280873163,Andreas,1,110,Isle of Man,1,Ayre
-4.448164287,54.36904925,CR/LFM+CDN/H:1,"Concrete frame, low rise, pre code",1.6756991021917087,Ind,300,1758.75,884165.8742804332,132624.88114206493,221041.4685701083,530499.5245682597,62.711909162925814,25.98455413783998,2.189335460786903,4.209599614470558,10.794496404365814,Andreas,1,110,Isle of Man,1,Ayre
-4.448164287,54.36904925,S+SL/LFM+CDN/H:1,"Steel, low rise",3.0467256403485616,Ind,300,1675.0,1530979.6342751519,229646.94514127282,382744.90856878797,918587.7805650913,114.02165302350149,47.244643886981784,3.98060992870346,7.653817480855559,19.626357098846935,Andreas,1,110,Isle of Man,1,Ayre
-4.448164287,54.36904925,S/LFBR+CDN/H:1,"Steel, low rise",1.0663539741219965,Ind,300,1675.0,535842.8719963032,80376.43079944547,133960.7179990758,321505.7231977819,39.907578558225524,16.535625360443625,1.3932134750462108,2.678836118299446,6.869224984596428,Andreas,1,110,Isle of Man,1,Ayre
-4.448164287,54.36904925,S/LFM+CDN/H:1,"Steel, low rise",6.0934512806971215,Ind,300,1675.0,3061959.2685503038,459293.8902825455,765489.8171375759,1837175.561130182,228.04330604700286,94.48928777396357,7.961219857406919,15.307634961711116,39.252714197693855,Andreas,1,110,Isle of Man,1,Ayre
-4.390820025,54.38677208,CR+PC/LFM+CDN/H:1,"Concrete frame, low rise",0.9164166886717721,Ind,300,1758.75,483538.1016107738,72530.71524161607,120884.52540269346,290122.8609664643,34.296276736202806,14.210593673092161,1.1973173171375762,2.3021718721943496,5.903360954141362,Bride,2,110,Isle of Man,1,Ayre
-4.390820025,54.38677208,CR/LFM+CDN/H:1,"Concrete frame, low rise, pre code",0.45820834433588603,Ind,300,1758.75,241769.0508053869,36265.357620808034,60442.26270134673,145061.43048323214,17.148138368101403,7.1052968365460805,0.5986586585687881,1.1510859360971748,2.951680477070681,Bride,2,110,Isle of Man,1,Ayre
-4.390820025,54.38677208,S+SL/LFM+CDN/H:1,"Steel, low rise",0.8331060806107019,Ind,300,1675.0,418635.8055068777,62795.37082603166,104658.95137671943,251181.48330412665,31.178433396547998,12.91872152099287,1.0884702883068875,2.0928835201766813,5.3666917764921465,Bride,2,110,Isle of Man,1,Ayre
-4.390820025,54.38677208,S/LFBR+CDN/H:1,"Steel, low rise",0.2915871282137457,Ind,300,1675.0,146522.53192740722,21978.379789111084,36630.632981851806,87913.51915644434,10.912451688791805,4.521552532347505,0.3809646009074107,0.7325092320618387,1.878342121772252,Bride,2,110,Isle of Man,1,Ayre
-4.390820025,54.38677208,S/LFM+CDN/H:1,"Steel, low rise",1.6662121612214038,Ind,300,1675.0,837271.6110137554,125590.74165206333,209317.90275343886,502362.9666082533,62.356866793095996,25.83744304198574,2.176940576613775,4.1857670403533636,10.733383552984293,Bride,2,110,Isle of Man,1,Ayre
-4.455649534,54.30039518,CR+PC/LFM+CDN/H:1,"Concrete frame, low rise",3.0611196197517816,Ind,300,1758.75,1615169.15616583,242275.3734248745,403792.2890414575,969101.493699498,114.56033799841559,47.467846928967504,3.999415959862688,7.689977248481647,19.719080045770614,Lezayre,3,110,Isle of Man,1,Ayre
-4.455649534,54.30039518,CR/LFM+CDN/H:1,"Concrete frame, low rise, pre code",1.5305598098758908,Ind,300,1758.75,807584.578082915,121137.68671243725,201896.1445207288,484550.746849749,57.280168999207795,23.733923464483752,1.999707979931344,3.8449886242408233,9.859540022885307,Lezayre,3,110,Isle of Man,1,Ayre
-4.455649534,54.30039518,S+SL/LFM+CDN/H:1,"Steel, low rise",2.782836017956165,Ind,300,1675.0,1398375.0990229729,209756.26485344593,349593.7747557432,839025.0594137837,104.14576181674144,43.152588117243184,3.635832690784261,6.990888407710588,17.92643640524601,Lezayre,3,110,Isle of Man,1,Ayre
-4.455649534,54.30039518,S/LFBR+CDN/H:1,"Steel, low rise",0.9739926062846578,Ind,300,1675.0,489431.2846580406,73414.69269870609,122357.82116451015,293658.77079482435,36.45101663585951,15.103405841035116,1.2725414417744916,2.446810942698705,6.274252741836102,Lezayre,3,110,Isle of Man,1,Ayre
-4.455649534,54.30039518,S/LFM+CDN/H:1,"Steel, low rise",5.56567203591233,Ind,300,1675.0,2796750.1980459457,419512.52970689186,699187.5495114864,1678050.1188275674,208.29152363348288,86.30517623448637,7.271665381568522,13.981776815421176,35.85287281049202,Lezayre,3,110,Isle of Man,1,Ayre
-4.389077047,54.32514192,CR+PC/LFM+CDN/H:1,"Concrete frame, low rise",18.820128069712165,Ind,300,1758.75,9930252.374702927,1489537.856205439,2482563.0936757317,5958151.424821756,704.3306047002902,291.8379773963558,24.58888574069184,47.278896171111676,121.23525310271981,Ramsey,4,110,Isle of Man,1,Ayre
-4.389077047,54.32514192,CR/LFM+CDN/H:1,"Concrete frame, low rise, pre code",9.410064034856086,Ind,300,1758.75,4965126.187351465,744768.9281027197,1241281.5468378663,2979075.712410879,352.16530235014517,145.91898869817794,12.29444287034592,23.639448085555845,60.61762655135991,Ramsey,4,110,Isle of Man,1,Ayre
-4.389077047,54.32514192,S+SL/LFM+CDN/H:1,"Steel, low rise",17.109207336101974,Ind,300,1675.0,8597376.686391242,1289606.5029586863,2149344.1715978105,5158426.011834745,640.3005497275368,265.30725217850534,22.35353249153804,42.98081470101064,110.213866457018,Ramsey,4,110,Isle of Man,1,Ayre
-4.389077047,54.32514192,S/LFBR+CDN/H:1,"Steel, low rise",5.988222567635693,Ind,300,1675.0,3009081.840236936,451362.27603554033,752270.4600592339,1805449.1041421613,224.105192404638,92.85753826247692,7.823736372038316,15.043285145353725,38.57485325995631,Ramsey,4,110,Isle of Man,1,Ayre
-4.389077047,54.32514192,S/LFM+CDN/H:1,"Steel, low rise",34.21841467220395,Ind,300,1675.0,17194753.372782484,2579213.0059173726,4298688.343195621,10316852.02366949,1280.6010994550736,530.6145043570107,44.707064983076066,85.96162940202127,220.427732914036,Ramsey,4,110,Isle of Man,1,Ayre
-4.399259123,54.22941343,CR+PC/LFM+CDN/H:1,"Concrete frame, low rise",4.020718246633218,Ind,300,1758.75,2121491.7756535513,318223.7663480327,530372.9439133878,1272895.0653921308,150.47266965936097,62.34804972801689,5.2531513704779496,10.100628423554262,25.900609840683035,Laxey,5,110,Isle of Man,2,Garff
-4.399259123,54.22941343,CR/LFM+CDN/H:1,"Concrete frame, low rise, pre code",2.0103591233166096,Ind,300,1758.75,1060745.887826776,159111.88317401634,265186.471956694,636447.5326960655,75.23633482968049,31.17402486400845,2.626575685238976,5.050314211777131,12.950304920341518,Laxey,5,110,Isle of Man,2,Garff
-4.399259123,54.22941343,S+SL/LFM+CDN/H:1,"Steel, low rise",3.655198406030199,Ind,300,1675.0,1836737.1990301746,275510.5798545262,459184.29975754366,1102042.3194181048,136.7933360539645,56.680045207288074,4.7755921549799565,9.182389475958422,23.54600894607548,Laxey,5,110,Isle of Man,2,Garff
-4.399259123,54.22941343,S/LFBR+CDN/H:1,"Steel, low rise",1.2793194421105698,Ind,300,1675.0,642858.0196605613,96428.7029490842,160714.50491514037,385714.8117963368,47.8776676188876,19.83801582255083,1.6714572542429846,3.213836316585448,8.24110313112642,Laxey,5,110,Isle of Man,2,Garff
-4.399259123,54.22941343,S/LFM+CDN/H:1,"Steel, low rise",7.310396812060397,Ind,300,1675.0,3673474.3980603493,551021.1597090524,918368.5995150873,2204084.6388362097,273.586672107929,113.36009041457615,9.551184309959913,18.364778951916843,47.09201789215096,Laxey,5,110,Isle of Man,2,Garff
-4.421910678,54.22780723,CR+PC/LFM+CDN/H:1,"Concrete frame, low rise",3.788015579614471,Ind,300,1758.75,1998708.5404277798,299806.2810641669,499677.13510694494,1199225.1242566677,141.76392923158173,58.739600549247406,4.94912053340375,9.516045513599154,24.40158886541677,Lonan,6,110,Isle of Man,2,Garff
-4.421910678,54.22780723,CR/LFM+CDN/H:1,"Concrete frame, low rise, pre code",1.8940077898072358,Ind,300,1758.75,999354.27021389,149903.1405320835,249838.5675534725,599612.562128334,70.88196461579089,29.369800274623717,2.474560266701876,4.75802275679958,12.200794432708392,Lonan,6,110,Isle of Man,2,Garff
-4.421910678,54.22780723,S+SL/LFM+CDN/H:1,"Steel, low rise",3.4436505269222466,Ind,300,1675.0,1730434.3897784292,259565.1584667643,432608.5974446072,1038260.6338670572,128.87629930143794,53.39963686295221,4.4992004849125005,8.650950466908322,22.18326260492434,Lonan,6,110,Isle of Man,2,Garff
-4.421910678,54.22780723,S/LFBR+CDN/H:1,"Steel, low rise",1.2052776844227864,Ind,300,1675.0,605652.0364224502,90847.80546336752,151413.00910561255,363391.2218534701,45.106704755503294,18.689872902033276,1.5747201697193751,3.0278326634179136,7.764141911723519,Lonan,6,110,Isle of Man,2,Garff
-4.421910678,54.22780723,S/LFM+CDN/H:1,"Steel, low rise",6.887301053844492,Ind,300,1675.0,3460868.7795568574,519130.3169335286,865217.1948892144,2076521.2677341143,257.7525986028758,106.79927372590437,8.998400969825,17.30190093381664,44.36652520984868,Lonan,6,110,Isle of Man,2,Garff
-4.37120191,54.28180759,CR+PC/LFM+CDN/H:1,"Concrete frame, low rise",2.363011618695537,Ind,300,1758.75,1246819.450488513,187022.917573277,311704.86262212833,748091.670293108,88.43411671507789,36.64249939265909,3.087323448640084,5.936228518616319,15.22201711997183,Maughold,7,110,Isle of Man,2,Garff
-4.37120191,54.28180759,CR/LFM+CDN/H:1,"Concrete frame, low rise, pre code",1.1815058093477686,Ind,300,1758.75,623409.7252442567,93511.4587866385,155852.43131106414,374045.835146554,44.21705835753896,18.321249696329545,1.543661724320042,2.9681142593081598,7.611008559985915,Maughold,7,110,Isle of Man,2,Garff
-4.37120191,54.28180759,S+SL/LFM+CDN/H:1,"Steel, low rise",2.148192380632307,Ind,300,1675.0,1079466.6712677341,161920.00069016012,269866.66781693354,647680.0027606405,80.39465155916173,33.31136308423554,2.8066576805818952,5.39657138056029,13.838197381792574,Maughold,7,110,Isle of Man,2,Garff
-4.37120191,54.28180759,S/LFBR+CDN/H:1,"Steel, low rise",0.7518673332213074,Ind,300,1675.0,377813.33494370704,56672.000241556045,94453.33373592676,226688.00096622415,28.138128045706612,11.658977079482439,0.9823301882036636,1.8887999831961018,4.843369083627402,Maughold,7,110,Isle of Man,2,Garff
-4.37120191,54.28180759,S/LFM+CDN/H:1,"Steel, low rise",4.296384761264614,Ind,300,1675.0,2158933.3425354683,323840.00138032023,539733.3356338671,1295360.005521281,160.78930311832346,66.62272616847108,5.613315361163791,10.79314276112058,27.676394763585147,Maughold,7,110,Isle of Man,2,Garff
-4.617407965,54.2205027,CR+PC/LFM+CDN/H:1,"Concrete frame, low rise",2.3174306839186696,Ind,300,1758.75,1222769.126062847,183415.368909427,305692.28151571174,733661.475637708,86.72828096118302,35.93568975970425,3.0277710166358607,5.821722587800371,14.928394454713494,German,8,110,Isle of Man,3,Glenfaba
-4.617407965,54.2205027,CR/LFM+CDN/H:1,"Concrete frame, low rise, pre code",1.1587153419593348,Ind,300,1758.75,611384.5630314235,91707.6844547135,152846.14075785587,366830.737818854,43.36414048059151,17.967844879852127,1.5138855083179303,2.9108612939001857,7.464197227356747,German,8,110,Isle of Man,3,Glenfaba
-4.617407965,54.2205027,S+SL/LFM+CDN/H:1,"Steel, low rise",2.106755167198791,Ind,300,1675.0,1058644.4715173924,158796.67072760887,264661.1178793481,635186.6829104355,78.84389178289366,32.66880887245842,2.7525191060326013,5.2924750798185185,13.571267686103177,German,8,110,Isle of Man,3,Glenfaba
-4.617407965,54.2205027,S/LFBR+CDN/H:1,"Steel, low rise",0.7373643085195768,Ind,300,1675.0,370525.56503108726,55578.8347546631,92631.39125777183,222315.3390186524,27.59536212401278,11.434083105360449,0.9633816871114104,1.8523662779364816,4.749943690136113,German,8,110,Isle of Man,3,Glenfaba
-4.617407965,54.2205027,S/LFM+CDN/H:1,"Steel, low rise",4.213510334397582,Ind,300,1675.0,2117288.943034785,317593.3414552177,529322.2357586962,1270373.365820871,157.68778356578733,65.33761774491684,5.5050382120652035,10.584950159637039,27.14253537220636,German,8,110,Isle of Man,3,Glenfaba
-4.686036986,54.17711119,CR+PC/LFM+CDN/H:1,"Concrete frame, low rise",3.7808185899128617,Ind,300,1758.75,1994911.120781622,299236.6681172433,498727.7801954055,1196946.6724689729,141.4945867441247,58.627999028254564,4.939717517824136,9.497965629786114,24.35522739195494,Patrick,9,110,Isle of Man,3,Glenfaba
-4.686036986,54.17711119,CR/LFM+CDN/H:1,"Concrete frame, low rise, pre code",1.8904092949564304,Ind,300,1758.75,997455.560390811,149618.33405862164,249363.89009770274,598473.3362344864,70.74729337206234,29.31399951412729,2.4698587589120686,4.748982814893057,12.17761369597747,Patrick,9,110,Isle of Man,3,Glenfaba
-4.686036986,54.17711119,S+SL/LFM+CDN/H:1,"Steel, low rise",3.437107809011691,Ind,300,1675.0,1727146.6740283747,259072.0011042562,431786.6685070937,1036288.0044170248,128.63144249465878,53.298180934776866,4.4906522889310345,8.634514208896466,22.14111581086813,Patrick,9,110,Isle of Man,3,Glenfaba
-4.686036986,54.17711119,S/LFBR+CDN/H:1,"Steel, low rise",1.202987733154092,Ind,300,1675.0,604501.3359099312,90675.20038648967,151125.3339774828,362700.8015459587,45.02100487313057,18.654363327171907,1.5717283011258616,3.0220799731137635,7.749390533803843,Patrick,9,110,Isle of Man,3,Glenfaba
-4.686036986,54.17711119,S/LFM+CDN/H:1,"Steel, low rise",6.874215618023382,Ind,300,1675.0,3454293.3480567494,518144.0022085124,863573.3370141874,2072576.0088340496,257.26288498931757,106.59636186955376,8.981304577862069,17.26902841779293,44.28223162173625,Patrick,9,110,Isle of Man,3,Glenfaba
-4.688715408,54.22237441,CR+PC/LFM+CDN/H:1,"Concrete frame, low rise",12.8922075521521,Ind,300,1758.75,6802444.392817534,1020366.65892263,1700611.0982043834,4081466.63569052,482.48217586480064,199.91552460522843,16.843935241616055,32.38709853710061,83.04885279464834,Peel,10,110,Isle of Man,3,Glenfaba
-4.688715408,54.22237441,CR/LFM+CDN/H:1,"Concrete frame, low rise, pre code",6.44610377607605,Ind,300,1758.75,3401222.196408767,510183.329461315,850305.5491021917,2040733.31784526,241.24108793240032,99.95776230261421,8.421967620808028,16.193549268550306,41.52442639732417,Peel,10,110,Isle of Man,3,Glenfaba
-4.688715408,54.22237441,S+SL/LFM+CDN/H:1,"Steel, low rise",11.720188683774635,Ind,300,1675.0,5889394.813596753,883409.2220395132,1472348.7033991888,3533636.8881580527,438.6201598770915,181.7413860047531,15.312668401469145,29.442816851909647,75.49895708604394,Peel,10,110,Isle of Man,3,Glenfaba
-4.688715408,54.22237441,S/LFBR+CDN/H:1,"Steel, low rise",4.102066039321123,Ind,300,1675.0,2061288.1847588643,309193.22771382966,515322.0461897161,1236772.9108553187,153.51705595698203,63.60948510166359,5.3594339405142,10.304985898168377,26.42463498011539,Peel,10,110,Isle of Man,3,Glenfaba
-4.688715408,54.22237441,S/LFM+CDN/H:1,"Steel, low rise",23.44037736754927,Ind,300,1675.0,11778789.627193507,1766818.4440790263,2944697.4067983767,7067273.776316105,877.240319754183,363.4827720095062,30.62533680293829,58.885633703819295,150.9979141720879,Peel,10,110,Isle of Man,3,Glenfaba
-4.534428403,54.31049168,CR+PC/LFM+CDN/H:1,"Concrete frame, low rise",2.475764457354106,Ind,300,1758.75,1306312.3582783204,195946.85374174805,326578.0895695801,783787.4149669922,92.65381568523895,38.39092322154739,3.2346373593873774,6.219480031687349,15.94834687087404,Ballaugh,11,110,Isle of Man,4,Michael
-4.534428403,54.31049168,CR/LFM+CDN/H:1,"Concrete frame, low rise, pre code",1.237882228677053,Ind,300,1758.75,653156.1791391602,97973.42687087404,163289.04478479005,391893.7074834961,46.32690784261948,19.19546161077369,1.6173186796936887,3.1097400158436743,7.974173435437019,Ballaugh,11,110,Isle of Man,4,Michael
-4.534428403,54.31049168,S+SL/LFM+CDN/H:1,"Steel, low rise",2.2506949612310057,Ind,300,1675.0,1130974.2180185802,169646.13270278706,282743.55450464506,678584.5308111481,84.23074153203542,34.90083929231581,2.9405794176248885,5.65407275607941,14.498497155340035,Ballaugh,11,110,Isle of Man,4,Michael
-4.534428403,54.31049168,S/LFBR+CDN/H:1,"Steel, low rise",0.7877432364308521,Ind,300,1675.0,395840.97630650323,59376.14644597548,98960.24407662581,237504.58578390192,29.48075953621241,12.215293752310538,1.0292027961687114,1.9789254646277936,5.074474004369015,Ballaugh,11,110,Isle of Man,4,Michael
-4.534428403,54.31049168,S/LFM+CDN/H:1,"Steel, low rise",4.501389922462011,Ind,300,1675.0,2261948.4360371605,339292.2654055741,565487.1090092901,1357169.0616222962,168.46148306407085,69.80167858463162,5.881158835249777,11.30814551215882,28.99699431068007,Ballaugh,11,110,Isle of Man,4,Michael
-4.510070359,54.35769389,CR+PC/LFM+CDN/H:1,"Concrete frame, low rise",1.8616213361499867,Ind,300,1758.75,982265.8818061791,147339.88227092684,245566.47045154477,589359.5290837074,69.66992342223396,28.867593430155797,2.4322466965936096,4.676663279640877,11.99216780213009,Jurby,12,110,Isle of Man,4,Michael
-4.510070359,54.35769389,CR/LFM+CDN/H:1,"Concrete frame, low rise, pre code",0.9308106680749934,Ind,300,1758.75,491132.94090308953,73669.94113546342,122783.23522577234,294679.7645418537,34.83496171111698,14.433796715077893,1.2161233482968048,2.3383316398204386,5.996083901065045,Jurby,12,110,Isle of Man,4,Michael
-4.510070359,54.35769389,S+SL/LFM+CDN/H:1,"Steel, low rise",1.6923830328636242,Ind,300,1675.0,850422.4740139713,127563.37110209568,212605.61850349282,510253.48440838273,63.33629402021268,26.24326675468708,2.211133360539645,4.251512072400796,10.901970729209173,Jurby,12,110,Isle of Man,4,Michael
-4.510070359,54.35769389,S/LFBR+CDN/H:1,"Steel, low rise",0.5923340615022685,Ind,300,1675.0,297647.86590488994,44647.17988573349,74411.96647622249,178588.71954293395,22.167702907074442,9.185143364140481,0.773896676188876,1.4880292253402791,3.8156897552232114,Jurby,12,110,Isle of Man,4,Michael
-4.510070359,54.35769389,S/LFM+CDN/H:1,"Steel, low rise",3.3847660657272485,Ind,300,1675.0,1700844.9480279426,255126.74220419128,425211.23700698564,1020506.9688167655,126.67258804042535,52.48653350937416,4.42226672107929,8.503024144801593,21.803941458418347,Jurby,12,110,Isle of Man,4,Michael
-4.562839493999999,54.26834082,CR+PC/LFM+CDN/H:1,"Concrete frame, low rise",3.816803538420914,Ind,300,1758.75,2013898.2190124104,302084.7328518616,503474.5547531026,1208338.9314074465,142.8412991814101,59.1860066332189,4.986732595722208,9.588365048851331,24.587034759264146,Michael,13,110,Isle of Man,4,Michael
-4.562839493999999,54.26834082,CR/LFM+CDN/H:1,"Concrete frame, low rise, pre code",1.9084017692104565,Ind,300,1758.75,1006949.1095062052,151042.36642593078,251737.2773765513,604169.4657037231,71.42064959070503,29.593003316609444,2.4933662978611038,4.794182524425666,12.293517379632073,Michael,13,110,Isle of Man,4,Michael
-4.562839493999999,54.26834082,S+SL/LFM+CDN/H:1,"Steel, low rise",3.4698213985644664,Ind,300,1675.0,1743585.2527786444,261537.78791679663,435896.3131946611,1046151.1516671865,129.85572652855458,53.80546057565354,4.5333932688383705,8.716695498955758,22.351849781149227,Michael,13,110,Isle of Man,4,Michael
-4.562839493999999,54.26834082,S/LFBR+CDN/H:1,"Steel, low rise",1.2144374894975634,Ind,300,1675.0,610254.8384725256,91538.22577087882,152563.7096181314,366152.9030835153,45.449504284994106,18.83191120147874,1.5866876440934297,3.050843424634515,7.823147423402228,Michael,13,110,Isle of Man,4,Michael
-4.562839493999999,54.26834082,S/LFM+CDN/H:1,"Steel, low rise",6.939642797128933,Ind,300,1675.0,3487170.505557289,523075.57583359326,871792.6263893222,2092302.303334373,259.71145305710917,107.61092115130708,9.06678653767674,17.433390997911516,44.70369956229845,Michael,13,110,Isle of Man,4,Michael
-4.518642901000001,54.18940034,CR+PC/LFM+CDN/H:1,"Concrete frame, low rise",8.686766569844204,Ind,300,1758.75,4583485.512912597,687522.8269368893,1145871.3782281491,2750091.3077475573,325.0963823607077,134.7030358383945,11.349439804594667,21.82241976234486,55.958298468444674,Braddan,14,110,Isle of Man,5,Middle
-4.518642901000001,54.18940034,CR/LFM+CDN/H:1,"Concrete frame, low rise, pre code",4.343383284922102,Ind,300,1758.75,2291742.7564562983,343761.41346844466,572935.6891140746,1375045.6538737786,162.54819118035385,67.35151791919725,5.6747199022973325,10.91120988117243,27.979149234222337,Braddan,14,110,Isle of Man,5,Middle
-4.518642901000001,54.18940034,S+SL/LFM+CDN/H:1,"Steel, low rise",7.8970605180401865,Ind,300,1675.0,3968272.9103151923,595240.936547279,992068.2275787984,2380963.746189116,295.5421657824615,122.45730530763134,10.317672549631514,19.838563420313513,50.871180425858796,Braddan,14,110,Isle of Man,5,Middle
-4.518642901000001,54.18940034,S/LFBR+CDN/H:1,"Steel, low rise",2.7639711813140653,Ind,300,1675.0,1388895.5186103177,208334.32779154766,347223.87965257943,833337.3111661907,103.43975802386154,42.860056857670976,3.611185392371031,6.94349719710973,17.80491314905058,Braddan,14,110,Isle of Man,5,Middle
-4.518642901000001,54.18940034,S/LFM+CDN/H:1,"Steel, low rise",15.794121036080373,Ind,300,1675.0,7936545.820630387,1190481.873094558,1984136.4551575969,4761927.492378232,591.0843315649231,244.91461061526272,20.63534509926303,39.67712684062703,101.74236085171759,Braddan,14,110,Isle of Man,5,Middle
-4.491207725,54.15836389,CR+PC/LFM+CDN/H:1,"Concrete frame, low rise",64.76571032479535,Ind,300,1758.75,34172979.39577502,5125946.909366253,8543244.848943755,20503787.63746501,2423.813044626353,1004.3020874148399,84.61773720095061,162.7008744335886,417.2068996831264,Douglas,15,110,Isle of Man,5,Middle
-4.491207725,54.15836389,CR/LFM+CDN/H:1,"Concrete frame, low rise, pre code",32.382855162397675,Ind,300,1758.75,17086489.69788751,2562973.4546831264,4271622.4244718775,10251893.818732506,1211.9065223131765,502.15104370742006,42.308868600475314,81.3504372167943,208.6034498415632,Douglas,15,110,Isle of Man,5,Middle
-4.491207725,54.15836389,S+SL/LFM+CDN/H:1,"Steel, low rise",58.87791847708668,Ind,300,1675.0,29586154.034736056,4437923.105210409,7396538.508684014,17751692.420841634,2203.4664042057752,913.0018976498544,76.92521563722784,147.90988584871687,379.27899971193307,Douglas,15,110,Isle of Man,5,Middle
-4.491207725,54.15836389,S/LFBR+CDN/H:1,"Steel, low rise",20.60727146698034,Ind,300,1675.0,10355153.91215762,1553273.0868236432,2588788.4780394053,6213092.347294573,771.2132414720213,319.5506641774491,26.923825473029737,51.76846004705092,132.7476498991766,Douglas,15,110,Isle of Man,5,Middle
-4.491207725,54.15836389,S/LFM+CDN/H:1,"Steel, low rise",117.75583695417336,Ind,300,1675.0,59172308.06947211,8875846.210420817,14793077.017368028,35503384.84168327,4406.9328084115505,1826.0037952997088,153.85043127445567,295.81977169743374,758.5579994238661,Douglas,15,110,Isle of Man,5,Middle
-4.565953007,54.17886071,CR+PC/LFM+CDN/H:1,"Concrete frame, low rise",5.388146289939266,Ind,300,1758.75,2843001.5084235542,426450.2262635331,710750.3771058886,1705800.9050541325,201.64774227620808,83.55233871666225,7.0397243306047015,13.535806348032743,34.709289798433225,Marown,16,110,Isle of Man,5,Middle
-4.565953007,54.17886071,CR/LFM+CDN/H:1,"Concrete frame, low rise, pre code",2.694073144969633,Ind,300,1758.75,1421500.7542117771,213225.11313176656,355375.1885529443,852900.4525270662,100.82387113810404,41.77616935833112,3.5198621653023503,6.767903174016372,17.354644899216613,Marown,16,110,Isle of Man,5,Middle
-4.565953007,54.17886071,S+SL/LFM+CDN/H:1,"Steel, low rise",4.898314809035696,Ind,300,1675.0,2461403.1915404373,369210.47873106564,615350.7978851093,1476841.9149242626,183.3161293420073,75.95667156060205,6.399749391458819,12.305278498211587,31.55389981675748,Marown,16,110,Isle of Man,5,Middle
-4.565953007,54.17886071,S/LFBR+CDN/H:1,"Steel, low rise",1.7144101831624938,Ind,300,1675.0,861491.1170391531,129223.66755587295,215372.77925978828,516894.67022349185,64.16064526970257,26.584835046210717,2.2399122870105868,4.306847474374055,11.043864935865123,Marown,16,110,Isle of Man,5,Middle
-4.565953007,54.17886071,S/LFM+CDN/H:1,"Steel, low rise",9.796629618071393,Ind,300,1675.0,4922806.383080875,738420.9574621313,1230701.5957702186,2953683.829848525,366.6322586840147,151.9133431212041,12.799498782917638,24.610556996423174,63.10779963351496,Marown,16,110,Isle of Man,5,Middle
-4.466686477,54.19443583,CR+PC/LFM+CDN/H:1,"Concrete frame, low rise",21.898040665434383,Ind,300,1758.75,11554282.176709795,1733142.3265064696,2888570.5441774493,6932569.3060258785,819.5194085027726,339.56622787430683,28.610242070240297,55.01105981515711,141.0625099199014,Onchan,17,110,Isle of Man,5,Middle
-4.466686477,54.19443583,CR/LFM+CDN/H:1,"Concrete frame, low rise, pre code",10.949020332717192,Ind,300,1758.75,5777141.088354899,866571.1632532348,1444285.2720887247,3466284.6530129393,409.7597042513863,169.78311393715342,14.305121035120148,27.50552990757856,70.5312549599507,Onchan,17,110,Isle of Man,5,Middle
-4.466686477,54.19443583,S+SL/LFM+CDN/H:1,"Steel, low rise",19.90730969584944,Ind,300,1675.0,10003423.122164344,1500513.4683246515,2500855.780541086,6002053.873298608,745.0176440934297,308.69657079482437,26.009310972945727,50.01005437741557,128.2386453817286,Onchan,17,110,Isle of Man,5,Middle
-4.466686477,54.19443583,S/LFBR+CDN/H:1,"Steel, low rise",6.967558393547304,Ind,300,1675.0,3501198.0927575207,525179.713913628,875299.5231893802,2100718.855654512,260.75617543270045,108.04379977818856,9.103258840531003,17.50351903209545,44.883525883605,Onchan,17,110,Isle of Man,5,Middle
-4.466686477,54.19443583,S/LFM+CDN/H:1,"Steel, low rise",39.81461939169888,Ind,300,1675.0,20006846.24432869,3001026.936649304,5001711.561082172,12004107.746597216,1490.0352881868594,617.3931415896487,52.018621945891454,100.02010875483114,256.4772907634572,Onchan,17,110,Isle of Man,5,Middle
-4.570966535,54.12009311,CR+PC/LFM+CDN/H:1,"Concrete frame, low rise",1.679297597042514,Ind,300,1758.75,886064.584103512,132909.6876155268,221516.14602587806,531638.7504621072,62.84658040665435,26.04035489833641,2.19403696857671,4.21863955637708,10.817677141096738,Santon,18,110,Isle of Man,5,Middle
-4.570966535,54.12009311,CR/LFM+CDN/H:1,"Concrete frame, low rise, pre code",0.8396487985212571,Ind,300,1758.75,443032.2920517561,66454.8438077634,110758.073012939,265819.3752310536,31.423290203327173,13.020177449168207,1.097018484288355,2.10931977818854,5.408838570548369,Santon,18,110,Isle of Man,5,Middle
-4.570966535,54.12009311,S+SL/LFM+CDN/H:1,"Steel, low rise",1.5266341791295581,Ind,300,1675.0,767133.6750126028,115070.05125189039,191783.4187531507,460280.2050075617,57.13325491514029,23.673049907578548,1.994579062342463,3.8351268694337084,9.834251946451575,Santon,18,110,Isle of Man,5,Middle
-4.570966535,54.12009311,S/LFBR+CDN/H:1,"Steel, low rise",0.5343219626953454,Ind,300,1675.0,268496.78625441104,40274.51793816165,67124.19656360276,161098.07175264662,19.996639220299112,8.285567467652497,0.6981026718198623,1.3422944043017984,3.4419881812580524,Santon,18,110,Isle of Man,5,Middle
-4.570966535,54.12009311,S/LFM+CDN/H:1,"Steel, low rise",3.0532683582591162,Ind,300,1675.0,1534267.3500252056,230140.10250378086,383566.8375063014,920560.4100151231,114.26650983028058,47.346099815157096,3.989158124684926,7.670253738867417,19.66850389290315,Santon,18,110,Isle of Man,5,Middle
-4.689297628,54.11102086,CR+PC/LFM+CDN/H:1,"Concrete frame, low rise",4.430946659625033,Ind,300,1758.75,2337944.6954845525,350691.70432268287,584486.1738711381,1402766.8172907315,165.82519144441508,68.7093364246105,5.7891232585159775,11.13118180089781,28.54321382800809,Arbory,19,110,Isle of Man,6,Rushen
-4.689297628,54.11102086,CR/LFM+CDN/H:1,"Concrete frame, low rise, pre code",2.2154733298125167,Ind,300,1758.75,1168972.3477422765,175345.85216134143,292243.0869355691,701383.4086453657,82.91259572220757,34.35466821230525,2.8945616292579883,5.565590900448905,14.271606914004044,Arbory,19,110,Isle of Man,6,Rushen
-4.689297628,54.11102086,S+SL/LFM+CDN/H:1,"Steel, low rise",4.028133326931848,Ind,300,1675.0,2024136.9967832537,303620.54951748805,506034.24919581343,1214482.1980699522,150.75017404037737,62.46303311328226,5.262839325923615,10.11925618263437,25.948376207280088,Arbory,19,110,Isle of Man,6,Rushen
-4.689297628,54.11102086,S/LFBR+CDN/H:1,"Steel, low rise",1.4098466644261471,Ind,300,1675.0,708447.9488741391,106267.19233112084,177111.98721853478,425068.76932448347,52.76256091413209,21.862061589648803,1.841993764073265,3.5417396639220304,9.081931672548032,Arbory,19,110,Isle of Man,6,Rushen
-4.689297628,54.11102086,S/LFM+CDN/H:1,"Steel, low rise",8.056266653863696,Ind,300,1675.0,4048273.993566508,607241.0990349761,1012068.4983916269,2428964.3961399044,301.5003480807547,124.92606622656452,10.52567865184723,20.23851236526874,51.896752414560176,Arbory,19,110,Isle of Man,6,Rushen
-4.655784939,54.07676643,CR+PC/LFM+CDN/H:1,"Concrete frame, low rise",7.7151729601267505,Ind,300,1758.75,4070833.8606812796,610625.0791021917,1017708.4651703195,2442500.316408767,288.7351465540005,119.636830504357,10.080032701346717,19.381635447583843,49.699499551095855,Castletown,20,110,Isle of Man,6,Rushen
-4.655784939,54.07676643,CR/LFM+CDN/H:1,"Concrete frame, low rise, pre code",3.8575864800633766,Ind,300,1758.75,2035416.93034064,305312.53955109604,508854.23258516,1221250.1582043841,144.3675732770003,59.818415252178525,5.040016350673358,9.690817723791922,24.849749775547927,Castletown,20,110,Isle of Man,6,Rushen
-4.655784939,54.07676643,S+SL/LFM+CDN/H:1,"Steel, low rise",7.013793600115228,Ind,300,1675.0,3524431.2840579017,528664.6926086852,881107.8210144754,2114658.770434741,262.48649686727316,108.76075500396091,9.163666092133377,17.619668588712578,45.18136322826896,Castletown,20,110,Isle of Man,6,Rushen
-4.655784939,54.07676643,S/LFBR+CDN/H:1,"Steel, low rise",2.45482776004033,Ind,300,1675.0,1233550.9494202659,185032.6424130399,308387.73735506646,740130.5696521596,91.87027390354565,38.06626425138633,3.2072831322466824,6.166884006049405,15.81347712989414,Castletown,20,110,Isle of Man,6,Rushen
-4.655784939,54.07676643,S/LFM+CDN/H:1,"Steel, low rise",14.027587200230455,Ind,300,1675.0,7048862.5681158025,1057329.3852173705,1762215.6420289509,4229317.540869482,524.9729937345463,217.52151000792182,18.32733218426675,35.239337177425156,90.36272645653791,Castletown,20,110,Isle of Man,6,Rushen
-4.634386193,54.12012606,CR+PC/LFM+CDN/H:1,"Concrete frame, low rise",5.198625561130183,Ind,300,1758.75,2743002.79107473,411450.4186612095,685750.6977686825,1645801.674644838,194.55505677317143,80.61349866385001,6.792111587008188,13.059702740955904,33.48843766393804,Malew,21,110,Isle of Man,6,Rushen
-4.634386193,54.12012606,CR/LFM+CDN/H:1,"Concrete frame, low rise, pre code",2.5993127805650915,Ind,300,1758.75,1371501.395537365,205725.20933060476,342875.34888434125,822900.8373224189,97.27752838658571,40.306749331925005,3.3960557935040936,6.529851370477952,16.744218831969018,Malew,21,110,Isle of Man,6,Rushen
-4.634386193,54.12012606,S+SL/LFM+CDN/H:1,"Steel, low rise",4.726023237391075,Ind,300,1675.0,2374826.6767890155,356224.00151835225,593706.6691972539,1424896.006073409,176.86823343015578,73.28499878531818,6.1746468972801685,11.872457037232635,30.44403423994366,Malew,21,110,Isle of Man,6,Rushen
-4.634386193,54.12012606,S/LFBR+CDN/H:1,"Steel, low rise",1.6541081330868763,Ind,300,1675.0,831189.3368761553,124678.40053142328,207797.33421903886,498713.6021256932,61.90388170055454,25.64974957486137,2.16112641404806,4.155359963031423,10.655411983980283,Malew,21,110,Isle of Man,6,Rushen
-4.634386193,54.12012606,S/LFM+CDN/H:1,"Steel, low rise",9.45204647478215,Ind,300,1675.0,4749653.353578031,712448.0030367045,1187413.3383945078,2849792.012146818,353.7364668603117,146.56999757063636,12.349293794560337,23.744914074465274,60.88806847988732,Malew,21,110,Isle of Man,6,Rushen
-4.76278274,54.09048634,CR+PC/LFM+CDN/H:1,"Concrete frame, low rise",8.358104040137311,Ind,300,1758.75,4410070.01573805,661510.5023607075,1102517.5039345126,2646042.00944283,312.7964087668338,129.60656637972005,10.920035426458938,20.99677173488249,53.841124513687156,Port Erin,22,110,Isle of Man,6,Rushen
-4.76278274,54.09048634,CR/LFM+CDN/H:1,"Concrete frame, low rise, pre code",4.1790520200686565,Ind,300,1758.75,2205035.0078690257,330755.2511803539,551258.7519672564,1323021.0047214157,156.39820438341698,64.80328318986004,5.46001771322947,10.498385867441248,26.920562256843585,Port Erin,22,110,Isle of Man,6,Rushen
-4.76278274,54.09048634,S+SL/LFM+CDN/H:1,"Steel, low rise",7.598276400124829,Ind,300,1675.0,3818133.8910627263,572720.083659409,954533.4727656816,2290880.334637636,284.3603716062126,117.82415125429097,9.927304933144491,19.087974304438625,48.946476830624704,Port Erin,22,110,Isle of Man,6,Rushen
-4.76278274,54.09048634,S/LFBR+CDN/H:1,"Steel, low rise",2.6593967400436904,Ind,300,1675.0,1336346.8618719543,200452.0292807932,334086.71546798863,801808.1171231726,99.52613006217443,41.23845293900185,3.4745567266005724,6.680791006553522,17.13126689071865,Port Erin,22,110,Isle of Man,6,Rushen
-4.76278274,54.09048634,S/LFM+CDN/H:1,"Steel, low rise",15.196552800249655,Ind,300,1675.0,7636267.7821254525,1145440.1673188177,1909066.9455313631,4581760.669275272,568.7207432124252,235.64830250858188,19.85460986628897,38.17594860887725,97.89295366124935,Port Erin,22,110,Isle of Man,6,Rushen
-4.741541231,54.07604022,CR+PC/LFM+CDN/H:1,"Concrete frame, low rise",4.596477422762081,Ind,300,1758.75,2425285.3473461843,363792.8021019276,606321.3368365461,1455171.2084077103,172.02006865592818,71.27617140744653,6.005392616847109,11.547019128597837,29.609527717630485,Port Saint Mary,23,110,Isle of Man,6,Rushen
-4.741541231,54.07604022,CR/LFM+CDN/H:1,"Concrete frame, low rise, pre code",2.2982387113810403,Ind,300,1758.75,1212642.6736730922,181896.40105096388,303160.66841827304,727585.6042038553,86.01003432796409,35.638085703723256,3.0026963084235545,5.7735095642989185,14.804763858815242,Port Saint Mary,23,110,Isle of Man,6,Rushen
-4.741541231,54.07604022,S+SL/LFM+CDN/H:1,"Steel, low rise",4.178615838874618,Ind,300,1675.0,2099754.4590344955,314963.16885517427,524938.6147586239,1259852.675420697,156.38188059629832,64.79651946131501,5.459447833497372,10.497290116907118,26.917752470573173,Port Saint Mary,23,110,Isle of Man,6,Rushen
-4.741541231,54.07604022,S/LFBR+CDN/H:1,"Steel, low rise",1.4625155436061168,Ind,300,1675.0,734914.0606620738,110237.10909931104,183728.5151655184,440948.43639724416,54.733658208704426,22.67878181146025,1.9108067417240804,3.674051540917493,9.421213364700609,Port Saint Mary,23,110,Isle of Man,6,Rushen
-4.741541231,54.07604022,S/LFM+CDN/H:1,"Steel, low rise",8.357231677749239,Ind,300,1675.0,4199508.918068992,629926.3377103488,1049877.229517248,2519705.350841395,312.76376119259675,129.59303892263006,10.918895666994748,20.99458023381425,53.835504941146354,Port Saint Mary,23,110,Isle of Man,6,Rushen
-4.749121026,54.09203778,CR+PC/LFM+CDN/H:1,"Concrete frame, low rise",3.68725772379192,Ind,300,1758.75,1945544.6653815687,291831.69980723533,486386.1663453922,1167326.7992289409,137.99313440718248,57.17717925534723,4.817478315289149,9.262927140216533,23.75252823695097,Rushen,24,110,Isle of Man,6,Rushen
-4.749121026,54.09203778,CR/LFM+CDN/H:1,"Concrete frame, low rise, pre code",1.84362886189596,Ind,300,1758.75,972772.3326907844,145915.84990361767,243193.0831726961,583663.3996144704,68.99656720359124,28.588589627673613,2.4087391576445745,4.6314635701082665,11.876264118475484,Rushen,24,110,Isle of Man,6,Rushen
-4.749121026,54.09203778,S+SL/LFM+CDN/H:1,"Steel, low rise",3.352052476174473,Ind,300,1675.0,1684406.3692776728,252660.9553916509,421101.5923194182,1010643.8215666036,125.44830400652955,51.979253868497494,4.379525741171953,8.420842854742304,21.593207488137256,Rushen,24,110,Isle of Man,6,Rushen
-4.749121026,54.09203778,S/LFBR+CDN/H:1,"Steel, low rise",1.1732183666610656,Ind,300,1675.0,589542.2292471855,88431.33438707783,147385.55731179638,353725.33754831133,43.906906402285344,18.19273885397412,1.5328340094101836,2.9472949991598063,7.5576226208480355,Rushen,24,110,Isle of Man,6,Rushen
-4.749121026,54.09203778,S/LFM+CDN/H:1,"Steel, low rise",6.704104952348946,Ind,300,1675.0,3368812.7385553457,505321.9107833018,842203.1846388364,2021287.6431332072,250.89660801305908,103.95850773699499,8.759051482343907,16.841685709484608,43.18641497627451,Rushen,24,110,Isle of Man,6,Rushen
