LONGITUDE,LATITUDE,TAXONOMY,MACRO_TAXONOMY,BUILDINGS,DWELLINGS,OCCUPANCY,OCCUPANCY_TYPE,SETTLEMENT_TYPE,AREA_PER_DWELLING_SQM,COST_PER_AREA_EUR,TOTAL_REPL_COST_EUR,COST_STRUCTURAL_EUR,COST_NONSTRUCTURAL_EUR,COST_CONTENTS_EUR,OCCUPANTS_PER_ASSET,OCCUPANTS_PER_ASSET_DAY,OCCUPANTS_PER_ASSET_NIGHT,OCCUPANTS_PER_ASSET_TRANSIT,OCCUPANTS_PER_ASSET_AVERAGE,ID_2,NAME_2,ID_1,NAME_1
6.0123,50.0747,CR/LFINF+CDN/HBET:4-10,"Concrete frame with infill panels, mid rise, pre code",527.7716,1055.5432,Res,ALL,RURAL,115.0,1653.75,200750594.5784,60225178.373519994,100375297.2892,40150118.91568001,3604.296126007999,877.6785453480818,3431.31153773637,1912.681012300287,2073.8903651282467,1,Clervaux,1,Diekirch
6.0123,50.0747,CR/LWAL+CDN/HBET:4-10,"Concrete wall, mid rise, pre code",95.8535,191.707,Res,ALL,RURAL,115.0,1653.75,36460179.209,10938053.7627,18230089.6045,7292035.8418,654.6096809951647,159.40334880945156,623.1923439654828,347.37975558466104,376.65848278653175,1,Clervaux,1,Diekirch
6.0123,50.0747,MUR+CB/LWAL+CDN/HBET:1-2,"Unreinforced masonry, low rise",23.0972,23.0972,Res,ALL,RURAL,155.0,1496.25,5356494.7492,1606948.42476,2678247.3746,1071298.94984,78.86853752800639,19.205198704907307,75.08332093788724,41.85293020437456,45.380483282389704,1,Clervaux,1,Diekirch
6.0123,50.0747,MUR+CL/LWAL+CDN/HBET:1-4,"Unreinforced masonry, low rise",406.5112,644.978800144,Res,ALL,RURAL,125.0,1496.25,120627160.09693159,36188148.02907948,60313580.048465796,24125432.01938632,2202.368023133782,536.2964349452841,2096.6675722314994,1168.7240317323347,1267.2293463030396,1,Clervaux,1,Diekirch
6.0123,50.0747,MUR+CL/LWAL+CDN/HBET:1-4,"Unreinforced masonry, low rise",1940.1669,3078.3076068779997,Res,ALL,RURAL,125.0,1496.25,575720480.176358,172716144.05290738,287860240.088179,115144096.03527158,10511.300894299095,2559.5963694698785,10006.821519178104,5578.000511675017,6048.139466774333,1,Clervaux,1,Diekirch
6.0123,50.0747,MUR+ST/LWAL+CDN/HBET:1-4,"Unreinforced masonry, low rise",161.6806,323.3612,Res,ALL,RURAL,125.0,1496.25,60476628.43,18142988.529,30238314.215,12095325.685999999,1104.160891246609,268.87311446657054,1051.1677934321192,585.9417476751643,635.3275518579513,1,Clervaux,1,Diekirch
6.0123,50.0747,W/LPB+CDL/HBET:1-3,"Wood, low rise",102.7827,102.7827,Res,ALL,RURAL,155.0,1496.25,23836438.7397,7150931.62191,11918219.36985,4767287.74794,350.96553834143623,85.46326727598479,334.12129829427727,186.2458293350349,201.94346496843232,1,Clervaux,1,Diekirch
6.127000000000002,49.8555,CR/LFINF+CDN/HBET:4-10,"Concrete frame with infill panels, mid rise, pre code",326.3557,652.7114,Res,ALL,RURAL,115.0,1653.75,124137223.0318,37241166.909540005,62068611.5159,24827444.606360003,1868.70583172012,455.0466883763346,1779.0191640325445,991.6605176014208,1075.2421233367666,2,Diekirch,1,Diekirch
6.127000000000002,49.8555,CR/LFINF+CDN/HBET:4-10,"Concrete frame with infill panels, mid rise, pre code",824.8229,1649.6458,Res,ALL,URBAN,115.0,1837.5,348590778.1125,104577233.43375,174295389.05625,69718155.6225,4722.91847014255,1150.0731537459426,4496.246721086528,2506.2969757951364,2717.538950209202,2,Diekirch,1,Diekirch
6.127000000000002,49.8555,CR/LWAL+CDN/HBET:4-10,"Concrete wall, mid rise, pre code",59.2725,118.545,Res,ALL,RURAL,115.0,1653.75,22545717.915,6763715.3745,11272858.9575,4509143.583000001,339.3930806498272,82.64526967595877,323.1042491371193,180.10470792920182,195.28474224742664,2,Diekirch,1,Diekirch
6.127000000000002,49.8555,CR/LWAL+CDN/HBET:4-10,"Concrete wall, mid rise, pre code",149.8037,299.6074,Res,ALL,URBAN,115.0,1837.5,63310788.7125,18993236.61375,31655394.35625,12662157.7425,857.7728159895821,208.8754006488072,816.6048674589781,455.1917269427436,493.5573316835096,2,Diekirch,1,Diekirch
6.127000000000002,49.8555,MUR+CB/LWAL+CDN/HBET:1-2,"Unreinforced masonry, low rise",14.2825,14.2825,Res,ALL,RURAL,155.0,1496.25,3312268.8575,993680.65725,1656134.42875,662453.7715,40.89064637379186,9.957240407835682,38.928140691728096,21.699316639241005,23.528232579601593,2,Diekirch,1,Diekirch
6.127000000000002,49.8555,MUR+CB/LWAL+CDN/HBET:1-2,"Unreinforced masonry, low rise",36.0973,36.0973,Res,ALL,URBAN,125.0,1662.5,7501470.156249999,2250441.0468749995,3750735.078125,1500294.03125,103.34618794669537,25.16572688071184,98.3861910023817,54.84241151910899,59.464776467400846,2,Diekirch,1,Diekirch
6.127000000000002,49.8555,MUR+CL/LWAL+CDN/HBET:1-4,"Unreinforced masonry, low rise",251.3724,398.832477288,Res,ALL,RURAL,125.0,1496.25,74591644.0647882,22377493.219436467,37295822.0323941,14918328.812957644,1141.853162343216,278.0515217090342,1087.0510616697156,605.9437921011876,657.0154584933124,2,Diekirch,1,Diekirch
6.127000000000002,49.8555,MUR+CL/LWAL+CDN/HBET:1-4,"Unreinforced masonry, low rise",635.3122,1007.9990427639999,Res,ALL,URBAN,115.0,1662.5,192716816.98844224,57815045.09653267,96358408.49422112,38543363.39768845,2885.8905935783955,702.7403325516815,2747.385160430193,1531.4469036224662,1660.5241322014472,2,Diekirch,1,Diekirch
6.127000000000002,49.8555,MUR+CL/LWAL+CDN/HBET:1-4,"Unreinforced masonry, low rise",1199.732,1903.51878584,Res,ALL,RURAL,125.0,1496.25,356005600.92172605,106801680.2765178,178002800.46086302,71201120.18434522,5449.754142317739,1327.06418144165,5188.198642011343,2892.004681441328,3135.755834964773,2,Diekirch,1,Diekirch
6.127000000000002,49.8555,MUR+CL/LWAL+CDN/HBET:1-4,"Unreinforced masonry, low rise",3032.1717,4810.904262654,Res,ALL,URBAN,115.0,1662.5,919784758.7161617,275935427.6148485,459892379.35808086,183956951.7432324,13773.567998764409,3353.987769811122,13112.519376231709,7309.178009200313,7925.228385081046,2,Diekirch,1,Diekirch
6.127000000000002,49.8555,MUR+ST/LWAL+CDN/HBET:1-4,"Unreinforced masonry, low rise",99.9777,199.9554,Res,ALL,RURAL,125.0,1496.25,37396658.685,11218997.6055,18698329.3425,7479331.737000002,572.4701944288536,139.4016445751757,544.9950599174351,303.79104066697636,329.3959150531958,2,Diekirch,1,Diekirch
6.127000000000002,49.8555,MUR+ST/LWAL+CDN/HBET:1-4,"Unreinforced masonry, low rise",252.681,505.362,Res,ALL,URBAN,125.0,1662.5,105020540.625,31506162.1875,52510270.3125,21004108.125,1446.846058655852,352.3200368972278,1377.406128916723,767.793457408725,832.5065410742253,2,Diekirch,1,Diekirch
6.127000000000002,49.8555,W/LPB+CDL/HBET:1-3,"Wood, low rise",63.5572,63.5572,Res,ALL,RURAL,155.0,1496.25,14739613.8092,4421884.14276,7369806.9046,2947922.7618400007,181.9635910875802,44.309772102145565,173.23043049692285,96.56207299167292,104.70075853024711,2,Diekirch,1,Diekirch
6.127000000000002,49.8555,W/LPB+CDL/HBET:1-3,"Wood, low rise",160.6329,160.6329,Res,ALL,URBAN,125.0,1662.5,33381524.53125,10014457.359375,16690762.265625,6676304.90625,459.89029300869385,111.98742536025404,437.8183182860345,244.04860212004456,264.6181152554444,2,Diekirch,1,Diekirch
5.8965,49.7862,CR/LFINF+CDN/HBET:4-10,"Concrete frame with infill panels, mid rise, pre code",580.8246,1161.6492,Res,ALL,RURAL,115.0,1653.75,220930576.4004,66279172.92011999,110465288.2002,44186115.28008001,3751.485342413181,913.5204442456912,3571.4365548894025,1990.7894722023752,2158.5821571124893,3,Redange,1,Diekirch
5.8965,49.7862,CR/LWAL+CDN/HBET:4-10,"Concrete wall, mid rise, pre code",105.4889,210.9778,Res,ALL,RURAL,115.0,1653.75,40125234.8486,12037570.45458,20062617.4243,8025046.9697199995,681.3417719175285,165.91285353786546,648.6414549161186,361.5655940781591,392.03996751071435,3,Redange,1,Diekirch
5.8965,49.7862,MUR+CB/LWAL+CDN/HBET:1-2,"Unreinforced masonry, low rise",25.419,25.419,Res,ALL,RURAL,155.0,1496.25,5894945.709,1768483.7126999998,2947472.8545,1178989.1418,82.08933120153714,19.989490951555105,78.14953583985056,43.56209912072611,47.23370863737726,3,Redange,1,Diekirch
5.8965,49.7862,MUR+CL/LWAL+CDN/HBET:1-4,"Unreinforced masonry, low rise",447.3748,709.8138051760001,Res,ALL,RURAL,125.0,1496.25,132752926.9130414,39825878.07391242,66376463.45652071,26550585.382608283,2292.306563771825,558.1972790375132,2182.28960255016,1216.451447277103,1318.9794429549256,3,Redange,1,Diekirch
5.8965,49.7862,MUR+CL/LWAL+CDN/HBET:1-4,"Unreinforced masonry, low rise",2135.1978,3387.7475334359997,Res,ALL,RURAL,125.0,1496.25,633593482.4408679,190078044.7322604,316796741.22043395,126718696.4881736,10940.553495393928,2664.12324110988,10415.472570935992,5805.7907017402085,6295.1288379286925,3,Redange,1,Diekirch
5.8965,49.7862,MUR+ST/LWAL+CDN/HBET:1-4,"Unreinforced masonry, low rise",177.9331,355.8662,Res,ALL,RURAL,125.0,1496.25,66555876.055,19966762.8165,33277938.0275,13311175.211,1149.2512827110604,279.85303060168764,1094.094116648626,609.8697304424303,661.272292564248,3,Redange,1,Diekirch
5.8965,49.7862,W/LPB+CDL/HBET:1-3,"Wood, low rise",113.1146,113.1146,Res,ALL,RURAL,155.0,1496.25,26232520.0006,7869756.000179999,13116260.0003,5246504.00012,365.29768531922537,88.95327405439924,347.76558821001447,193.8514267752974,210.19009634657039,3,Redange,1,Diekirch
6.1816,49.9302,CR/LFINF+CDN/HBET:4-10,"Concrete frame with infill panels, mid rise, pre code",158.7421,317.4842,Res,ALL,RURAL,115.0,1653.75,60381367.5454,18114410.26362,30190683.7727,12076273.50908,982.4836290848185,239.2436060348151,935.3303097905217,521.3716399955533,565.3151852736299,4,Vianden,1,Diekirch
6.1816,49.9302,CR/LFINF+CDN/HBET:4-10,"Concrete frame with infill panels, mid rise, pre code",11.8098,23.6196,Res,ALL,URBAN,115.0,1837.5,4991116.725,1497335.0174999996,2495558.3625,998223.345,73.0929927395813,17.798801569022707,69.58496764603785,38.7880391781354,42.057269464398644,4,Vianden,1,Diekirch
6.1816,49.9302,CR/LWAL+CDN/HBET:4-10,"Concrete wall, mid rise, pre code",28.8306,57.6612,Res,ALL,RURAL,115.0,1653.75,10966410.6444,3289923.19332,5483205.3222,2193282.1288799997,178.437808978795,43.4512124266174,169.87386477466669,94.69105677735024,102.67204465954477,4,Vianden,1,Diekirch
6.1816,49.9302,CR/LWAL+CDN/HBET:4-10,"Concrete wall, mid rise, pre code",2.1449,4.2898,Res,ALL,URBAN,115.0,1837.5,906488.3625,271946.50875,453244.18125,181297.6725,13.27517486554624,3.232624556334299,12.638046123049214,7.044697220374826,7.638455966586112,4,Vianden,1,Diekirch
6.1816,49.9302,MUR+CB/LWAL+CDN/HBET:1-2,"Unreinforced masonry, low rise",6.9471,6.9471,Res,ALL,RURAL,155.0,1496.25,1611108.9081,483332.6724299999,805554.45405,322221.78161999997,21.498430534858564,5.235061321112875,20.46663485976857,11.408507636641794,12.370067939174412,4,Vianden,1,Diekirch
6.1816,49.9302,MUR+CL/LWAL+CDN/HBET:1-4,"Unreinforced masonry, low rise",122.2696,193.99539275200001,Res,ALL,RURAL,125.0,1496.25,36281988.3294428,10884596.49883284,18140994.1647214,7256397.66588856,600.3363238130265,146.18729787538626,571.5237822879441,318.57867594888734,345.42991870407263,4,Vianden,1,Diekirch
6.1816,49.9302,MUR+CL/LWAL+CDN/HBET:1-4,"Unreinforced masonry, low rise",9.0964,14.432530168,Res,ALL,URBAN,115.0,1662.5,2759319.3614945,827795.8084483498,1379659.68074725,551863.8722988999,44.66277256106845,10.875787083573217,42.519227454772526,23.70105952666451,25.698691355003422,4,Vianden,1,Diekirch
6.1816,49.9302,MUR+CL/LWAL+CDN/HBET:1-4,"Unreinforced masonry, low rise",583.5594,925.887015228,Res,ALL,RURAL,125.0,1496.25,173164019.02301672,51949205.70690502,86582009.51150836,34632803.804603346,2865.241277656389,697.7120382808295,2727.7268877765478,1520.4889930900827,1648.64263971582,4,Vianden,1,Diekirch
6.1816,49.9302,MUR+CL/LWAL+CDN/HBET:1-4,"Unreinforced masonry, low rise",43.4146,68.882472652,Res,ALL,URBAN,115.0,1662.5,13169467.740154253,3950840.322046275,6584733.870077127,2633893.5480308505,213.16305413457656,51.9071221492566,202.93250651444168,113.1185984484333,122.65274237071051,4,Vianden,1,Diekirch
6.1816,49.9302,MUR+ST/LWAL+CDN/HBET:1-4,"Unreinforced masonry, low rise",48.63,97.26,Res,ALL,RURAL,125.0,1496.25,18190051.5,5457015.45,9095025.75,3638010.3,300.97988424239526,73.29131063198142,286.53465567806575,159.72009223125912,173.18201951376878,4,Vianden,1,Diekirch
6.1816,49.9302,MUR+ST/LWAL+CDN/HBET:1-4,"Unreinforced masonry, low rise",3.6179,7.2358,Res,ALL,URBAN,125.0,1662.5,1503689.6875,451106.90625,751844.84375,300737.9375,22.39183884845901,5.4526142861494025,21.317164934766065,11.882609946195196,12.884129722370224,4,Vianden,1,Diekirch
6.1816,49.9302,W/LPB+CDL/HBET:1-3,"Wood, low rise",30.9148,30.9148,Res,ALL,RURAL,155.0,1496.25,7169482.1828,2150844.65484,3584741.0914,1433896.43656,95.66865027119884,23.29617735888936,91.07712907008292,50.768195633466284,55.04716735414618,4,Vianden,1,Diekirch
6.1816,49.9302,W/LPB+CDL/HBET:1-3,"Wood, low rise",2.2999,2.2999,Res,ALL,URBAN,125.0,1662.5,477947.96875,143384.390625,238973.984375,95589.59375,7.1172489797356056,1.7331141818064373,6.775663732202172,3.7768891643293534,4.095222359445988,4,Vianden,1,Diekirch
5.9182,49.9414,CR/LFINF+CDN/HBET:4-10,"Concrete frame with infill panels, mid rise, pre code",521.9712,1043.9424,Res,ALL,RURAL,115.0,1653.75,198544273.2288,59563281.96863999,99272136.61439998,39708854.64575999,3362.6603770955176,818.8380657661525,3201.272854957195,1784.452894332147,1934.8546050184984,5,Wiltz,1,Diekirch
5.9182,49.9414,CR/LWAL+CDN/HBET:4-10,"Concrete wall, mid rise, pre code",94.8,189.6,Res,ALL,RURAL,115.0,1653.75,36059455.2,10817836.56,18029727.6,7211891.039999999,610.7237405984373,148.71672734938488,581.4126653921559,324.09093525215087,351.40677599789717,5,Wiltz,1,Diekirch
5.9182,49.9414,MUR+CB/LWAL+CDN/HBET:1-2,"Unreinforced masonry, low rise",22.8434,22.8434,Res,ALL,RURAL,155.0,1496.25,5297635.7374,1589290.7212200002,2648817.8687,1059527.1474799998,73.58125894507566,17.917698784456423,70.04980000326569,39.04714594060645,42.338214909442854,5,Wiltz,1,Diekirch
5.9182,49.9414,MUR+CL/LWAL+CDN/HBET:1-4,"Unreinforced masonry, low rise",402.0435,637.89025797,Res,ALL,RURAL,125.0,1496.25,119301425.49683926,35790427.64905178,59650712.74841963,23860285.09936785,2054.719010752851,500.34257158941597,1956.1048265507784,1090.3715732791832,1182.2729904731261,5,Wiltz,1,Diekirch
5.9182,49.9414,MUR+CL/LWAL+CDN/HBET:1-4,"Unreinforced masonry, low rise",1918.8439,3044.476108618001,Res,ALL,RURAL,125.0,1496.25,569393144.2142817,170817943.26428446,284696572.10714084,113878628.84285632,9806.613065494517,2387.998540965504,9335.95447802917,5204.045935626778,5642.666318207151,5,Wiltz,1,Diekirch
5.9182,49.9414,MUR+ST/LWAL+CDN/HBET:1-4,"Unreinforced masonry, low rise",159.9037,319.8074,Res,ALL,RURAL,125.0,1496.25,59811978.98499999,17943593.695499998,29905989.4925,11962395.796999998,1030.136981007704,250.84762610820496,980.6965867412202,546.6597013004152,592.7346380499467,5,Wiltz,1,Diekirch
5.9182,49.9414,W/LPB+CDL/HBET:1-3,"Wood, low rise",101.653,101.653,Res,ALL,RURAL,155.0,1496.25,23574448.883,7072334.664899998,11787224.4415,4714889.7766,327.4361835604058,79.73365762261085,311.7212113666077,173.7595772214499,188.40481540355609,5,Wiltz,1,Diekirch
6.3889,49.7944,CR/LFINF+CDN/HBET:4-10,"Concrete frame with infill panels, mid rise, pre code",618.3104,1236.6208,Res,ALL,RURAL,115.0,1653.75,235189200.0896,70556760.02688001,117594600.0448,47037840.01792,3707.0944635104015,902.7108657149544,3529.176171828683,1967.2326976676745,2133.039911737104,6,Echternach,2,Grevenmacher
6.3889,49.7944,CR/LFINF+CDN/HBET:4-10,"Concrete frame with infill panels, mid rise, pre code",19.455,38.91,Res,ALL,URBAN,115.0,1837.5,8222169.374999999,2466650.8124999995,4111084.6875,1644433.875,116.64290749046896,28.403597760096606,111.04474778837137,61.89854178924469,67.11562911257089,6,Echternach,2,Grevenmacher
6.3889,49.7944,CR/LWAL+CDN/HBET:4-10,"Concrete wall, mid rise, pre code",112.2971,224.5942,Res,ALL,RURAL,115.0,1653.75,42714897.1154,12814469.13462,21357448.5577,8542979.423080001,673.2798893214054,163.94971256876613,640.9664943133139,357.28741902652223,387.4012086362007,6,Echternach,2,Grevenmacher
6.3889,49.7944,CR/LWAL+CDN/HBET:4-10,"Concrete wall, mid rise, pre code",3.5334,7.0668,Res,ALL,URBAN,115.0,1837.5,1493303.175,447990.9525,746651.5875,298660.635,21.184582334969054,5.15863645980598,20.16784949038455,11.241958753951023,12.189481568047185,6,Echternach,2,Grevenmacher
6.3889,49.7944,MUR+CB/LWAL+CDN/HBET:1-2,"Unreinforced masonry, low rise",27.0595,27.0595,Res,ALL,RURAL,155.0,1496.25,6275395.7045,1882618.71135,3137697.85225,1255079.1409,81.11793254274852,19.75294663555215,77.22475848829184,43.04660990866273,46.67477167750224,6,Echternach,2,Grevenmacher
6.3889,49.7944,MUR+CL/LWAL+CDN/HBET:1-4,"Unreinforced masonry, low rise",476.2478,755.624284436,Res,ALL,RURAL,125.0,1496.25,141320631.7966429,42396189.53899287,70660315.89832145,28264126.359328587,2265.1815344903666,551.5920902822147,2156.466411924036,1202.0570893633992,1303.37186385655,6,Echternach,2,Grevenmacher
6.3889,49.7944,MUR+CL/LWAL+CDN/HBET:1-4,"Unreinforced masonry, low rise",14.985,23.7755007,Res,ALL,URBAN,115.0,1662.5,4545578.5400812505,1363673.5620243752,2272789.270040625,909115.7080162502,71.2732852400329,17.355686415515173,67.85259518822276,37.82238045847254,41.010220687403496,6,Echternach,2,Grevenmacher
6.3889,49.7944,MUR+CL/LWAL+CDN/HBET:1-4,"Unreinforced masonry, low rise",2273.0009,3606.388687958,Res,ALL,RURAL,125.0,1496.25,674484844.365345,202345453.30960348,337242422.1826725,134896968.87306902,10811.093860297064,2632.5986548270776,10292.226221565968,5737.090745562262,6220.6385406517675,6,Echternach,2,Grevenmacher
6.3889,49.7944,MUR+CL/LWAL+CDN/HBET:1-4,"Unreinforced masonry, low rise",71.5196,113.47442775200001,Res,ALL,URBAN,115.0,1662.5,21694892.1558355,6508467.64675065,10847446.07791775,4338978.4311671015,340.16929269623336,82.8342842951671,323.8432076625703,180.51661804723201,195.73137000165644,6,Echternach,2,Grevenmacher
6.3889,49.7944,MUR+ST/LWAL+CDN/HBET:1-4,"Unreinforced masonry, low rise",189.4167,378.8334,Res,ALL,RURAL,125.0,1496.25,70851316.63499999,21255394.9905,35425658.317499995,14170263.327,1135.6522547031564,276.54154489051103,1081.1477603909332,602.65317504656,653.447493442668,6,Echternach,2,Grevenmacher
6.3889,49.7944,MUR+ST/LWAL+CDN/HBET:1-4,"Unreinforced masonry, low rise",5.96,11.92,Res,ALL,URBAN,125.0,1662.5,2477125.0,743137.5,1238562.5,495425.0,35.73331938541222,8.701384870222348,34.018334454828754,18.962493398298548,20.560737574449888,6,Echternach,2,Grevenmacher
6.3889,49.7944,W/LPB+CDL/HBET:1-3,"Wood, low rise",120.4149,120.4149,Res,ALL,RURAL,155.0,1496.25,27925539.8739,8377661.962169998,13962769.93695,5585107.974780002,360.97517453544265,87.90070377595106,343.6505320087885,191.5576129451997,207.70294957664643,6,Echternach,2,Grevenmacher
6.3889,49.7944,W/LPB+CDL/HBET:1-3,"Wood, low rise",3.7888,3.7888,Res,ALL,URBAN,125.0,1662.5,787360.0,236208.0,393680.0,157472.0,11.357919503980696,2.7657556204948346,10.812807515306645,6.027273069418922,6.535278735073468,6,Echternach,2,Grevenmacher
6.3626,49.6872,CR/LFINF+CDN/HBET:4-10,"Concrete frame with infill panels, mid rise, pre code",369.4647,738.9294,Res,ALL,RURAL,115.0,1653.75,140534765.7978,42160429.73934,70267382.8989,28106953.15956,2259.813795790913,550.2849975992493,2151.356292475724,1199.2086075709765,1300.2832992153164,7,Grevenmacher,2,Grevenmacher
6.3626,49.6872,CR/LFINF+CDN/HBET:4-10,"Concrete frame with infill panels, mid rise, pre code",617.3458,1234.6916,Res,ALL,URBAN,115.0,1837.5,260905768.725,78271730.6175,130452884.3625,52181153.74500001,3775.9671102911257,919.4819750598816,3594.7433447998133,2003.7811385168607,2172.668819458852,7,Grevenmacher,2,Grevenmacher
6.3626,49.6872,CR/LWAL+CDN/HBET:4-10,"Concrete wall, mid rise, pre code",67.1019,134.2038,Res,ALL,RURAL,115.0,1653.75,25523818.1106,7657145.433179999,12761909.0553,5104763.6221199995,410.42567623857514,99.9423459951792,390.72770633318083,217.79936233249592,236.15647155361862,7,Grevenmacher,2,Grevenmacher
6.3626,49.6872,CR/LWAL+CDN/HBET:4-10,"Concrete wall, mid rise, pre code",112.1219,224.2438,Res,ALL,URBAN,115.0,1837.5,47385517.9875,14215655.396249998,23692758.99375,9477103.5975,685.788429666729,166.99565471971553,652.874699773304,363.92528860595405,394.59854769965784,7,Grevenmacher,2,Grevenmacher
6.3626,49.6872,MUR+CB/LWAL+CDN/HBET:1-2,"Unreinforced masonry, low rise",16.1691,16.1691,Res,ALL,RURAL,155.0,1496.25,3749792.1501,1124937.64503,1874896.07505,749958.4300200002,49.44877717075928,12.041222280074422,47.075532559225856,26.240834234875315,28.452529691391863,7,Grevenmacher,2,Grevenmacher
6.3626,49.6872,MUR+CB/LWAL+CDN/HBET:1-2,"Unreinforced masonry, low rise",27.0173,27.0173,Res,ALL,URBAN,125.0,1662.5,5614532.65625,1684359.796875,2807266.328125,1122906.53125,82.62503463121351,20.11993955801217,78.65952871912305,43.84637925264217,47.54194917659247,7,Grevenmacher,2,Grevenmacher
6.3626,49.6872,MUR+CL/LWAL+CDN/HBET:1-4,"Unreinforced masonry, low rise",284.5767,451.5150837540001,Res,ALL,RURAL,125.0,1496.25,84444608.53909186,25333382.56172756,42222304.26954593,16888921.70781837,1380.835591701966,336.24589409975397,1314.5637683138216,732.7638809417073,794.5245144517609,7,Grevenmacher,2,Grevenmacher
6.3626,49.6872,MUR+CL/LWAL+CDN/HBET:1-4,"Unreinforced masonry, low rise",475.5048,754.4454257760001,Res,ALL,URBAN,115.0,1662.5,144240534.84054902,43272160.4521647,72120267.42027451,28848106.968109805,2307.265323777825,561.8398717278145,2196.530431828432,1224.3895675732072,1327.586623709818,7,Grevenmacher,2,Grevenmacher
6.3626,49.6872,MUR+CL/LWAL+CDN/HBET:1-4,"Unreinforced masonry, low rise",1358.2071,2154.9585490020004,Res,ALL,RURAL,125.0,1496.25,403031122.6270991,120909336.78812972,201515561.31354955,80606224.52541983,6590.35228317115,1604.8100941227233,6274.054915692633,3497.2824750535838,3792.0491616229797,7,Grevenmacher,2,Grevenmacher
6.3626,49.6872,MUR+CL/LWAL+CDN/HBET:1-4,"Unreinforced masonry, low rise",2269.4549,3600.7625334380004,Res,ALL,URBAN,115.0,1662.5,688420786.8616778,206526236.05850333,344210393.4308389,137684157.37233555,11011.948974327224,2681.508682789448,10483.441495253364,5843.677926359304,6336.209368134038,7,Grevenmacher,2,Grevenmacher
6.3626,49.6872,MUR+ST/LWAL+CDN/HBET:1-4,"Unreinforced masonry, low rise",113.1839,226.3678,Res,ALL,RURAL,125.0,1496.25,42336437.795,12700931.3385,21168218.8975,8467287.558999997,692.2841036814048,168.57740980335518,659.0586204093194,367.37232844830004,398.3361195536582,7,Grevenmacher,2,Grevenmacher
6.3626,49.6872,MUR+ST/LWAL+CDN/HBET:1-4,"Unreinforced masonry, low rise",189.1212,378.2424,Res,ALL,URBAN,125.0,1662.5,78603498.75,23581049.625,39301749.375,15720699.75,1156.7510964823766,281.67930275332697,1101.2339843578013,613.8496341170134,665.5876404093807,7,Grevenmacher,2,Grevenmacher
6.3626,49.6872,W/LPB+CDL/HBET:1-3,"Wood, low rise",71.9526,71.9526,Res,ALL,RURAL,155.0,1496.25,16686599.4186,5005979.82558,8343299.7093,3337319.8837200007,220.0473795237072,53.583517340438426,209.4864255908464,116.77188274970713,126.61394189366398,7,Grevenmacher,2,Grevenmacher
6.3626,49.6872,W/LPB+CDL/HBET:1-3,"Wood, low rise",120.2271,120.2271,Res,ALL,URBAN,125.0,1662.5,24984694.21875,7495408.265625,12492347.109375,4996938.84375,367.68175580499786,89.53381667431923,350.03523761689286,195.11657430777083,211.561876199661,7,Grevenmacher,2,Grevenmacher
6.3263,49.536,CR/LFINF+CDN/HBET:4-10,"Concrete frame with infill panels, mid rise, pre code",644.6912,1289.3824,Res,ALL,RURAL,115.0,1653.75,245223770.5088,73567131.15264,122611885.2544,49044754.10176,4162.227447647236,1013.5398435491308,3962.4655035248543,2208.7567529606154,2394.920700011533,8,Remich,2,Grevenmacher
6.3263,49.536,CR/LFINF+CDN/HBET:4-10,"Concrete frame with infill panels, mid rise, pre code",51.5111,103.0222,Res,ALL,URBAN,115.0,1837.5,21769878.6375,6530963.59125,10884939.31875,4353975.7275,332.5637363725478,80.98226288034273,316.60267240908377,176.48060028961086,191.35517852634575,8,Remich,2,Grevenmacher
6.3263,49.536,CR/LWAL+CDN/HBET:4-10,"Concrete wall, mid rise, pre code",117.0883,234.1766,Res,ALL,RURAL,115.0,1653.75,44537345.0242,13361203.50726,22268672.5121,8907469.00484,755.94041931758,184.07829556760456,719.659814832852,401.15263449800216,434.96358163281957,8,Remich,2,Grevenmacher
6.3263,49.536,CR/LWAL+CDN/HBET:4-10,"Concrete wall, mid rise, pre code",9.3554,18.7108,Res,ALL,URBAN,115.0,1837.5,3953825.925,1186147.7775,1976912.9625,790765.185,60.3999289329821,14.707926294541535,57.50109474377256,32.05224908707881,34.7537567084643,8,Remich,2,Grevenmacher
6.3263,49.536,MUR+CB/LWAL+CDN/HBET:1-2,"Unreinforced masonry, low rise",28.2141,28.2141,Res,ALL,RURAL,155.0,1496.25,6543160.145099998,1962948.04353,3271580.07255,1308632.02902,91.07732619172084,22.178148623619748,86.70616099847538,48.331731458181906,52.405347026759,8,Remich,2,Grevenmacher
6.3263,49.536,MUR+CB/LWAL+CDN/HBET:1-2,"Unreinforced masonry, low rise",2.2543,2.2543,Res,ALL,URBAN,125.0,1662.5,468471.71875000006,140541.515625,234235.85937500003,93694.34375,7.277057089681977,1.7720288948513692,6.9278020117197805,3.861694054610266,4.187174987060472,8,Remich,2,Grevenmacher
6.3263,49.536,MUR+CL/LWAL+CDN/HBET:1-4,"Unreinforced masonry, low rise",496.5674,787.8637681880002,Res,ALL,RURAL,125.0,1496.25,147350221.24536073,44205066.37360822,73675110.62268037,29470044.24907215,2543.285995650997,619.3130295149787,2421.2235275757234,1349.637949454128,1463.3915021816101,8,Remich,2,Grevenmacher
6.3263,49.536,MUR+CL/LWAL+CDN/HBET:1-4,"Unreinforced masonry, low rise",39.676,62.95073512000001,Res,ALL,URBAN,115.0,1662.5,12035393.670755005,3610618.1012265007,6017696.835377501,2407078.734151001,203.20990698029914,49.48344123886565,193.45705070468662,107.8367917075144,116.92576121702223,8,Remich,2,Grevenmacher
6.3263,49.536,MUR+CL/LWAL+CDN/HBET:1-4,"Unreinforced masonry, low rise",2369.9806,3760.258619572,Res,ALL,RURAL,125.0,1496.25,703262368.3254533,210978710.49763602,351631184.16272664,140652473.66509065,12138.409549125752,2955.8119708980626,11555.838721225009,6441.453380205916,6984.368024109663,8,Remich,2,Grevenmacher
6.3263,49.536,MUR+CL/LWAL+CDN/HBET:1-4,"Unreinforced masonry, low rise",189.3625,300.44632975,Res,ALL,URBAN,115.0,1662.5,57441582.66907813,17232474.800723433,28720791.334539063,11488316.533815624,969.8643011028554,236.17068609725519,923.3166338357248,514.6749790733488,558.0540996687764,8,Remich,2,Grevenmacher
6.3263,49.536,MUR+ST/LWAL+CDN/HBET:1-4,"Unreinforced masonry, low rise",197.4984,394.9968,Res,ALL,RURAL,125.0,1496.25,73874276.52,22162282.956,36937138.26,14774855.304000001,1275.0806298370644,310.4936090909937,1213.8844100886645,676.6432125937454,733.6737439244678,8,Remich,2,Grevenmacher
6.3263,49.536,MUR+ST/LWAL+CDN/HBET:1-4,"Unreinforced masonry, low rise",15.7802,31.5604,Res,ALL,URBAN,125.0,1662.5,6558645.625,1967593.6875,3279322.8125,1311729.125,101.87944487122348,24.808561741146754,96.98984279407395,54.06405937147754,58.62082130223274,8,Remich,2,Grevenmacher
6.3263,49.536,W/LPB+CDL/HBET:1-3,"Wood, low rise",125.5525,125.5525,Res,ALL,RURAL,155.0,1496.25,29117005.8275,8735101.74825,14558502.91375,5823401.1655,405.29331067395486,98.69256878890407,385.84166352146894,215.0757852954156,233.2033392019296,8,Remich,2,Grevenmacher
6.3263,49.536,W/LPB+CDL/HBET:1-3,"Wood, low rise",10.0317,10.0317,Res,ALL,URBAN,125.0,1662.5,2084712.65625,625413.796875,1042356.328125,416942.53125000006,32.38311387417943,7.885579676387558,30.828918706902062,17.184649890269178,18.6330494245196,8,Remich,2,Grevenmacher
5.9673,49.6311,CR/LFINF+CDN/HBET:4-10,"Concrete frame with infill panels, mid rise, pre code",45.7736,91.5472,Res,ALL,RURAL,115.0,1653.75,17411087.3264,5223326.197919999,8705543.6632,3482217.46528,292.1395040331244,71.13859848760208,278.11856067655856,155.028794186746,168.09531778363555,9,Capellen,3,Luxembourg
5.9673,49.6311,CR/LFINF+CDN/HBET:4-10,"Concrete frame with infill panels, mid rise, pre code",1466.3702,2932.7404,Res,ALL,URBAN,115.0,1837.5,619724705.775,185917411.7325,309862352.8875,123944941.155,9358.771496167077,2278.945088260149,8909.606616980034,4966.391193556494,5384.980966265559,9,Capellen,3,Luxembourg
5.9673,49.6311,CR/LWAL+CDN/HBET:4-10,"Concrete wall, mid rise, pre code",8.3134,16.6268,Res,ALL,RURAL,115.0,1653.75,3162201.2116,948660.36348,1581100.6058,632440.2423200001,53.0583688595386,12.920190342617381,50.5118855044939,28.15632542758476,30.52946709156535,9,Capellen,3,Luxembourg
5.9673,49.6311,CR/LWAL+CDN/HBET:4-10,"Concrete wall, mid rise, pre code",266.3211,532.6422,Res,ALL,URBAN,115.0,1837.5,112553954.8875,33766186.46625,56276977.44375,22510790.977500007,1699.7333412175599,413.90036618654676,1618.1563392391645,901.9923929838988,978.0163661365367,9,Capellen,3,Luxembourg
5.9673,49.6311,MUR+CB/LWAL+CDN/HBET:1-2,"Unreinforced masonry, low rise",2.0032,2.0032,Res,ALL,RURAL,155.0,1496.25,464564.1152,139369.23455999998,232282.0576,92912.82304,6.3924822875975975,1.556626969370603,6.085681492686637,3.3922793981125534,3.678195953389931,9,Capellen,3,Luxembourg
5.9673,49.6311,MUR+CB/LWAL+CDN/HBET:1-2,"Unreinforced masonry, low rise",64.1738,64.1738,Res,ALL,URBAN,125.0,1662.5,13336117.8125,4000835.34375,6668058.90625,2667223.5625,204.78728026549047,49.86754583016933,194.95871953642853,108.67385165664707,117.83337234108164,9,Capellen,3,Luxembourg
5.9673,49.6311,MUR+CL/LWAL+CDN/HBET:1-4,"Unreinforced masonry, low rise",35.2567,55.938985354,Res,ALL,RURAL,125.0,1496.25,10461988.735831853,3138596.620749555,5230994.3679159265,2092397.7471663703,178.5088723350771,43.46851699344228,169.9415175162274,94.72876775543837,102.71293408836935,9,Capellen,3,Luxembourg
5.9673,49.6311,MUR+CL/LWAL+CDN/HBET:1-4,"Unreinforced masonry, low rise",1129.458,1792.0206519600006,Res,ALL,URBAN,115.0,1662.5,342611948.39660263,102783584.51898076,171305974.19830132,68522389.67932051,5718.5804096762195,1392.5257969798465,5444.122861494218,3034.6619102616496,3290.4368562452387,9,Capellen,3,Luxembourg
5.9673,49.6311,MUR+CL/LWAL+CDN/HBET:1-4,"Unreinforced masonry, low rise",168.2706,266.98149937200003,Res,ALL,RURAL,125.0,1496.25,49932214.9200483,14979664.476014493,24966107.46002415,9986442.98400966,851.9740943748798,207.46335974713256,811.0844496894516,452.11453673963416,490.2207820587394,9,Capellen,3,Luxembourg
5.9673,49.6311,MUR+CL/LWAL+CDN/HBET:1-4,"Unreinforced masonry, low rise",5390.5952,8552.826156224,Res,ALL,URBAN,115.0,1662.5,1635193450.743076,490558035.22292286,817596725.371538,327038690.14861524,27293.22569516941,6646.146095805008,25983.314621155445,14483.614199978465,15704.358305646303,9,Capellen,3,Luxembourg
5.9673,49.6311,MUR+ST/LWAL+CDN/HBET:1-4,"Unreinforced masonry, low rise",14.0226,28.0452,Res,ALL,RURAL,125.0,1496.25,5245153.53,1573546.059,2622576.765,1049030.706,89.49602848049726,21.793088399257407,85.20075608960427,47.49258894566004,51.49547781150724,9,Capellen,3,Luxembourg
5.9673,49.6311,MUR+ST/LWAL+CDN/HBET:1-4,"Unreinforced masonry, low rise",449.2163,898.4326,Res,ALL,URBAN,125.0,1662.5,186705524.6875,56011657.40625,93352762.34375,37341104.9375,2867.0200090356707,698.1451753802672,2729.4202507220125,1521.4329071349325,1649.6661110790708,9,Capellen,3,Luxembourg
5.9673,49.6311,W/LPB+CDL/HBET:1-3,"Wood, low rise",8.9143,8.9143,Res,ALL,RURAL,155.0,1496.25,2067324.2273,620197.26819,1033662.11365,413464.84546,28.446737647928945,6.927036637909528,27.081464921254238,15.09574492741351,16.368082162192426,9,Capellen,3,Luxembourg
5.9673,49.6311,W/LPB+CDL/HBET:1-3,"Wood, low rise",285.5732,285.5732,Res,ALL,URBAN,125.0,1662.5,59345680.625,17803704.1875,29672840.3125,11869136.125,911.3027270430141,221.9104157595173,867.5656639613118,483.59828425173515,524.358121324188,9,Capellen,3,Luxembourg
5.9988,49.5171,CR/LFINF+CDN/HBET:4-10,"Concrete frame with infill panels, mid rise, pre code",17.4283,34.8566,Res,ALL,RURAL,115.0,1653.75,6629272.1842,1988781.65526,3314636.0921,1325854.4368399999,102.48823473706864,24.956807552588852,97.56941439909777,54.38712406321601,58.97111533830088,10,Esch-sur-Alzette,3,Luxembourg
5.9988,49.5171,CR/LFINF+CDN/HBET:4-10,"Concrete frame with infill panels, mid rise, pre code",5985.865,11971.73,Res,ALL,URBAN,115.0,1837.5,2529776195.625,758932858.6875,1264888097.8125,505955239.125,35200.26263171988,8571.580753187474,33510.86122697311,18679.61776998689,20254.019916715824,10,Esch-sur-Alzette,3,Luxembourg
5.9988,49.5171,CR/LWAL+CDN/HBET:4-10,"Concrete wall, mid rise, pre code",3.1653,6.3306,Res,ALL,RURAL,115.0,1653.75,1203997.8221999998,361199.3466599999,601998.9110999999,240799.56444000002,18.613749442759378,4.532615513056894,17.72040115200359,9.877702575540793,10.710239746867089,10,Esch-sur-Alzette,3,Luxembourg
5.9988,49.5171,CR/LWAL+CDN/HBET:4-10,"Concrete wall, mid rise, pre code",1087.1483,2174.2966,Res,ALL,URBAN,115.0,1837.5,459456050.2875,137836815.08625,229728025.14375,91891210.0575,6393.045228989926,1556.7640506661076,6086.217416269781,3392.5781325323965,3678.5198664894283,10,Esch-sur-Alzette,3,Luxembourg
5.9988,49.5171,MUR+CB/LWAL+CDN/HBET:1-2,"Unreinforced masonry, low rise",261.9635,261.9635,Res,ALL,URBAN,125.0,1662.5,54439289.84375,16331786.953125,27219644.921875,10887857.96875,770.2465725441976,187.56197263366505,733.2793585415112,408.7444379123117,443.1952563624961,10,Esch-sur-Alzette,3,Luxembourg
5.9988,49.5171,MUR+CL/LWAL+CDN/HBET:1-4,"Unreinforced masonry, low rise",13.424,21.298786880000005,Res,ALL,RURAL,125.0,1496.25,3983405.6162320008,1195021.6848696002,1991702.8081160004,796681.1232464002,62.624440403603295,15.249614858241037,59.618843010872745,33.23272391565895,36.033727261590904,10,Esch-sur-Alzette,3,Luxembourg
5.9988,49.5171,MUR+CL/LWAL+CDN/HBET:1-4,"Unreinforced masonry, low rise",4610.5568,7315.201630016001,Res,ALL,URBAN,115.0,1662.5,1398575111.6386845,419572533.49160534,699287555.8193421,279715022.32773685,21508.75592588109,5237.575646755379,20476.46469397436,11413.98698091954,12376.009107216429,10,Esch-sur-Alzette,3,Luxembourg
5.9988,49.5171,MUR+CL/LWAL+CDN/HBET:1-4,"Unreinforced masonry, low rise",64.0689,101.652998118,Res,ALL,RURAL,125.0,1496.25,19011651.97301895,5703495.591905685,9505825.986509476,3802330.394603791,298.88848404159853,72.78203586048559,284.54363013850605,158.61025516090297,171.97864038663155,10,Esch-sur-Alzette,3,Luxembourg
5.9988,49.5171,MUR+CL/LWAL+CDN/HBET:1-4,"Unreinforced masonry, low rise",22004.9304,34913.462671247995,Res,ALL,URBAN,115.0,1662.5,6675017644.4592285,2002505293.337768,3337508822.2296143,1335003528.8918455,102655.4270277293,24997.52038009533,97728.58246296043,54475.847494524016,59067.31677919327,10,Esch-sur-Alzette,3,Luxembourg
5.9988,49.5171,MUR+ST/LWAL+CDN/HBET:1-4,"Unreinforced masonry, low rise",5.3391,10.6782,Res,ALL,RURAL,125.0,1496.25,1997090.355,599127.1065,998545.1775,399418.071,31.39691961262333,7.645432497950295,29.890055852735085,16.66130914007198,18.06559916358579,10,Esch-sur-Alzette,3,Luxembourg
5.9988,49.5171,MUR+ST/LWAL+CDN/HBET:1-4,"Unreinforced masonry, low rise",1833.7442,3667.4884,Res,ALL,URBAN,125.0,1662.5,762149933.125,228644979.9375,381074966.5625,152429986.625,10783.450251449549,2625.867187280229,10265.90934008148,5722.421194585977,6204.732573982561,10,Esch-sur-Alzette,3,Luxembourg
5.9988,49.5171,W/LPB+CDL/HBET:1-3,"Wood, low rise",3.3941,3.3941,Res,ALL,RURAL,155.0,1496.25,787129.1251,236138.73753,393564.56255,157425.82502000002,9.979611250698133,2.430125156046252,9.500649788332128,5.2958503635742264,5.742208435984202,10,Esch-sur-Alzette,3,Luxembourg
5.9988,49.5171,W/LPB+CDL/HBET:1-3,"Wood, low rise",1165.7374,1165.7374,Res,ALL,URBAN,125.0,1662.5,242254803.4375,72676441.03125,121127401.71875,48450960.6875,3427.5967332723235,834.6506529224102,3263.0926556556515,1818.9124756554238,1972.218594744495,10,Esch-sur-Alzette,3,Luxembourg
6.1478,49.6155,CR/LFINF+CDN/HBET:4-10,"Concrete frame with infill panels, mid rise, pre code",12.117,24.234,Res,ALL,RURAL,115.0,1653.75,4608991.758,1382697.5274,2304495.879,921798.3516000002,80.18871744726032,19.526674396864916,76.3401401420965,42.553506121585286,46.1401068868489,11,Luxembourg,3,Luxembourg
6.1478,49.6155,CR/LFINF+CDN/HBET:4-10,"Concrete frame with infill panels, mid rise, pre code",5528.7382,11057.4764,Res,ALL,URBAN,115.0,1837.5,2336582981.775,700974894.5325,1168291490.8875,467316596.355,36588.464583615954,8909.620422291737,34832.43781438989,19416.290735193725,21052.78299062512,11,Luxembourg,3,Luxembourg
6.1478,49.6155,CR/LWAL+CDN/HBET:4-10,"Concrete wall, mid rise, pre code",2.2007,4.4014,Res,ALL,RURAL,115.0,1653.75,837089.0617999998,251126.71854,418544.5309,167417.81235999998,14.563944085680099,3.546451460359876,13.864962153231966,7.7286045161156025,8.380006043235817,11,Luxembourg,3,Luxembourg
6.1478,49.6155,CR/LWAL+CDN/HBET:4-10,"Concrete wall, mid rise, pre code",1004.1253,2008.2506,Res,ALL,URBAN,115.0,1837.5,424368454.9125,127310536.47375,212184227.45625,84873690.98250002,6645.169593409713,1618.158602521606,6326.241323943607,3526.372212625952,3823.590713030388,11,Luxembourg,3,Luxembourg
6.1478,49.6155,MUR+CB/LWAL+CDN/HBET:1-2,"Unreinforced masonry, low rise",241.9579,241.9579,Res,ALL,URBAN,125.0,1662.5,50281876.09375,15084562.828125,25140938.046875,10056375.21875,800.6228306194794,194.95886486131883,762.1977384867281,424.8641156563472,460.6735730014647,11,Luxembourg,3,Luxembourg
6.1478,49.6155,MUR+CL/LWAL+CDN/HBET:1-4,"Unreinforced masonry, low rise",9.333,14.807924460000002,Res,ALL,RURAL,125.0,1496.25,2769452.072131501,830835.6216394502,1384726.0360657505,553890.4144263001,48.998451370112846,11.931563894684805,46.646819695055655,26.001861193223675,28.193414927654715,11,Luxembourg,3,Luxembourg
6.1478,49.6155,MUR+CL/LWAL+CDN/HBET:1-4,"Unreinforced masonry, low rise",4258.4592,6756.556535904001,Res,ALL,URBAN,115.0,1662.5,1291769152.708146,387530745.8124438,645884576.354073,258353830.54162925,22357.00268111108,5444.131365874678,21284.00069443383,11864.123541777173,12864.085200695226,11,Luxembourg,3,Luxembourg
6.1478,49.6155,MUR+CL/LWAL+CDN/HBET:1-4,"Unreinforced masonry, low rise",44.5438,70.674083956,Res,ALL,RURAL,125.0,1496.25,13217820.5518709,3965346.16556127,6608910.2759354515,2643564.110374181,233.85591108325644,56.946019051972705,222.6322304867266,124.09961476681843,134.55928810183926,11,Luxembourg,3,Luxembourg
6.1478,49.6155,MUR+CL/LWAL+CDN/HBET:1-4,"Unreinforced masonry, low rise",20324.4644,32247.201706328004,Res,ALL,URBAN,115.0,1662.5,6165261876.228585,1849578562.8685763,3082630938.114293,1233052375.245717,106703.87662348547,25983.35429270832,101582.73076881788,56624.226096155166,61396.77038589379,11,Luxembourg,3,Luxembourg
6.1478,49.6155,MUR+ST/LWAL+CDN/HBET:1-4,"Unreinforced masonry, low rise",3.712,7.423999999999999,Res,ALL,RURAL,125.0,1496.25,1388473.6,416542.08,694236.7999999999,277694.72,24.565529352498984,5.981927487097676,23.386531336755148,13.036115764902576,14.1348581962518,11,Luxembourg,3,Luxembourg
6.1478,49.6155,MUR+ST/LWAL+CDN/HBET:1-4,"Unreinforced masonry, low rise",1693.7054,3387.4108,Res,ALL,URBAN,125.0,1662.5,703946306.875,211183892.0625,351973153.4375,140789261.375,11208.720290459605,2729.4242692095268,10670.768968839284,5948.0979703773255,6449.430402808714,11,Luxembourg,3,Luxembourg
6.1478,49.6155,W/LPB+CDL/HBET:1-3,"Wood, low rise",2.3598,2.3598,Res,ALL,RURAL,155.0,1496.25,547263.5778,164179.07333999994,273631.7889,109452.71556,7.808423513742879,1.9014214014080144,7.4336660356243005,4.143672680767391,4.4929200392665685,11,Luxembourg,3,Luxembourg
6.1478,49.6155,W/LPB+CDL/HBET:1-3,"Wood, low rise",1076.7127,1076.7127,Res,ALL,URBAN,125.0,1662.5,223754357.96875,67126307.390625,111877178.984375,44750871.59375,3562.771745158734,867.5669848918582,3391.7800780215853,1890.6453936881494,2049.9974855338646,11,Luxembourg,3,Luxembourg
6.1102,49.7561,CR/LFINF+CDN/HBET:4-10,"Concrete frame with infill panels, mid rise, pre code",516.504,1033.008,Res,ALL,RURAL,115.0,1653.75,196464692.496,58939407.7488,98232346.248,39292938.49920001,3165.497806213431,770.8272052932264,3013.5729045020225,1679.8252243298623,1821.4084447083703,12,Mersch,3,Luxembourg
6.1102,49.7561,CR/LFINF+CDN/HBET:4-10,"Concrete frame with infill panels, mid rise, pre code",529.2429,1058.4858,Res,ALL,URBAN,115.0,1837.5,223671280.6125,67101384.18374999,111835640.30625,44734256.1225,3243.5706962657287,789.8386566769713,3087.898764269152,1721.2559306752453,1866.3311172071226,12,Mersch,3,Luxembourg
6.1102,49.7561,CR/LWAL+CDN/HBET:4-10,"Concrete wall, mid rise, pre code",93.8071,187.6142,Res,ALL,RURAL,115.0,1653.75,35681781.8554,10704534.55662,17840890.9277,7136356.371080001,574.9155268056858,139.99710501692573,547.3230310121737,305.08869786339284,330.8029446308308,12,Mersch,3,Luxembourg
6.1102,49.7561,CR/LWAL+CDN/HBET:4-10,"Concrete wall, mid rise, pre code",96.1207,192.2414,Res,ALL,URBAN,115.0,1837.5,40623010.8375,12186903.25125,20311505.41875,8124602.1675,589.0948859673872,143.44990658703244,560.8218660102683,312.6132158516554,338.9616628163187,12,Mersch,3,Luxembourg
6.1102,49.7561,MUR+CB/LWAL+CDN/HBET:1-2,"Unreinforced masonry, low rise",22.6041,22.6041,Res,ALL,RURAL,155.0,1496.25,5242139.4350999985,1572641.8305299997,2621069.71755,1048427.88702,69.266868176654,16.86710580282884,65.94247410538367,36.75764113470045,39.85574034763765,12,Mersch,3,Luxembourg
6.1102,49.7561,MUR+CB/LWAL+CDN/HBET:1-2,"Unreinforced masonry, low rise",23.1616,23.1616,Res,ALL,URBAN,125.0,1662.5,4813270.0,1443981.0,2406635.0,962654.0,70.97524316209844,17.28311048715943,67.56885734177668,37.66421936310129,40.83872906401246,12,Mersch,3,Luxembourg
6.1102,49.7561,MUR+CL/LWAL+CDN/HBET:1-4,"Unreinforced masonry, low rise",397.8324,631.2088424880001,Res,ALL,RURAL,125.0,1496.25,118051833.76631822,35415550.12989546,59025916.88315911,23610366.753263645,1934.2446584714567,471.005982539726,1841.4125203327774,1026.4398101770726,1112.9527710165255,12,Mersch,3,Luxembourg
6.1102,49.7561,MUR+CL/LWAL+CDN/HBET:1-4,"Unreinforced masonry, low rise",407.6445,646.77691659,Res,ALL,URBAN,115.0,1662.5,123655661.74055064,37096698.52216519,61827830.87027532,24731132.34811013,1981.9506824488599,482.62282873243936,1886.828941395409,1051.7558228030894,1140.4025309769793,12,Mersch,3,Luxembourg
6.1102,49.7561,MUR+CL/LWAL+CDN/HBET:1-4,"Unreinforced masonry, low rise",1898.7455,3012.5875852100007,Res,ALL,RURAL,125.0,1496.25,563429193.1239003,169028757.9371701,281714596.56195015,112685838.62478006,9231.622012615651,2247.9830446700253,8788.559545742177,4898.917158568711,5311.819916326971,12,Mersch,3,Luxembourg
6.1102,49.7561,MUR+CL/LWAL+CDN/HBET:1-4,"Unreinforced masonry, low rise",1945.5758,3086.8894757959997,Res,ALL,URBAN,115.0,1662.5,590174681.6537478,177052404.49612433,295087340.8268739,118034936.33074956,9459.308992433324,2303.4268734384464,9005.31891665048,5019.743125087614,5442.829638392181,12,Mersch,3,Luxembourg
6.1102,49.7561,MUR+ST/LWAL+CDN/HBET:1-4,"Unreinforced masonry, low rise",158.2288,316.4576,Res,ALL,RURAL,125.0,1496.25,59185482.64,17755644.792,29592741.32,11837096.527999999,969.736767343106,236.1396304789524,923.1952209312407,514.607301115664,557.980717508619,12,Mersch,3,Luxembourg
6.1102,49.7561,MUR+ST/LWAL+CDN/HBET:1-4,"Unreinforced masonry, low rise",162.1313,324.2626,Res,ALL,URBAN,125.0,1662.5,67385821.5625,20215746.46875,33692910.78125,13477164.3125,993.6540171393283,241.9636960595806,945.9645862407433,527.2993963132759,571.7425595378668,12,Mersch,3,Luxembourg
6.1102,49.7561,W/LPB+CDL/HBET:1-3,"Wood, low rise",100.5883,100.5883,Res,ALL,RURAL,155.0,1496.25,23327533.2413,6998259.972390002,11663766.62065,4665506.64826,308.2377319253466,75.05866186340923,293.4441702193215,163.5715924876279,177.35814152345287,12,Mersch,3,Luxembourg
6.1102,49.7561,W/LPB+CDL/HBET:1-3,"Wood, low rise",103.0692,103.0692,Res,ALL,URBAN,125.0,1662.5,21419068.125,6425720.4375,10709534.0625,4283813.625,315.840077219318,76.9099013635989,300.68164855325404,167.6059062577438,181.73248539153224,12,Mersch,3,Luxembourg
