LONGITUDE,LATITUDE,TAXONOMY,MACRO_TAXONOMY,BUILDINGS,DWELLINGS,OCCUPANCY,OCCUPANCY_TYPE,SETTLEMENT_TYPE,AREA_PER_DWELLING_SQM,COST_PER_AREA_EUR,TOTAL_REPL_COST_EUR,COST_STRUCTURAL_EUR,COST_NONSTRUCTURAL_EUR,COST_CONTENTS_EUR,OCCUPANTS_PER_ASSET,OCCUPANTS_PER_ASSET_DAY,OCCUPANTS_PER_ASSET_NIGHT,OCCUPANTS_PER_ASSET_TRANSIT,OCCUPANTS_PER_ASSET_AVERAGE,ID_1,NAME_1
9.5027,47.0684,CR/LFINF+CDN/HBET:3-5,"Concrete frame with infill panels, mid rise, pre code",111.257,222.514,Res,ALL,RURAL,90.0,1771.875,35484530.094000004,10645359.0282,17742265.047000002,7096906.0188000025,404.98971413369077,32.780474946552125,363.2142151413723,107.51990922592528,167.83819977128326,1,Balzers
9.5027,47.0684,CR/LFINF+CDN/HBET:3-5,"Concrete frame with infill panels, mid rise, pre code",452.944,905.888,Res,ALL,URBAN,90.0,2126.25,173348915.90399998,52004674.7712,86674457.95199999,34669783.1808,1648.773923257475,133.45423450934493,1478.6995955256198,437.72969133778054,683.2945071242483,1,Balzers
9.5027,47.0684,CR/LWAL+CDN/HBET:3-5,"Concrete wall, mid rise, pre code",19.6932,39.3864,Res,ALL,URBAN,90.0,2126.25,7536902.731199998,2261070.81936,3768451.3656,1507380.54624,71.68584747392728,5.802360023310887,64.29130893529673,19.031732274158006,29.708467077588534,1,Balzers
9.5027,47.0684,MR/LWAL+CDL/HBET:1-2,"Confined or reinforced masonry, low rise",105.4014,105.4014,Res,ALL,RURAL,120.0,1771.875,22411288.8792,6723386.66376,11205644.4396,4482257.77584,383.67436426424916,31.055178555094727,344.0975862416633,101.860939619787,159.00456813884838,1,Balzers
9.5027,47.0684,MR/LWAL+CDL/HBET:1-2,"Confined or reinforced masonry, low rise",305.2448,305.2448,Res,ALL,URBAN,90.0,2126.25,58411034.43839999,17523310.331520002,29205517.2192,11682206.88768,1111.1302946601613,89.93655274523546,996.5149825053763,294.9917596687369,460.4810983064495,1,Balzers
9.5027,47.0684,MR/LWAL+CDL/HBET:1-2,"Confined or reinforced masonry, low rise",67.3398,67.3398,Res,ALL,RURAL,120.0,1771.875,14318326.9944,4295498.09832,7159163.4972,2863665.3988799998,245.12532934858748,19.840811845468696,219.840161375622,65.0778334380978,101.58626888639616,1,Balzers
9.5027,47.0684,MR/LWAL+CDL/HBET:1-2,"Confined or reinforced masonry, low rise",147.6991,147.6991,Res,ALL,URBAN,90.0,2126.25,28263404.37779999,8479021.313339997,14131702.188899996,5652680.875559999,537.6437423258841,43.51769096947055,482.1847150174845,142.7379618626143,222.81345594985646,1,Balzers
9.5027,47.0684,S/LFM+CDL/H:1,"Steel, low rise",5.8556,11.7112,Res,ALL,RURAL,120.0,1687.5,2371518.0,711455.4,1185759.0,474303.6,21.315236140871047,1.7252871860963137,19.116526902467914,5.658939412567571,8.833584500377265,1,Balzers
9.5027,47.0684,S/LFM+CDL/H:1,"Steel, low rise",49.233,98.466,Res,ALL,URBAN,90.0,2025.0,17945428.5,5383628.55,8972714.25,3589085.7,179.21461868481822,14.505900058277216,160.72827233824185,47.579330685395014,74.27116769397135,1,Balzers
9.5027,47.0684,W/LFM+CDL/H:1,"Wood, low rise",2.9278,2.9278,Res,ALL,RURAL,170.0,1603.125,797904.5506,239371.36518,398952.2753,159580.91012000002,10.657618070435523,0.8626435930481569,9.558263451233957,2.8294697062837857,4.4167922501886325,1,Balzers
9.5027,47.0684,W/LFM+CDL/H:1,"Wood, low rise",9.8466,9.8466,Res,ALL,URBAN,120.0,1923.75,2273146.6896,681944.00688,1136573.3448,454629.3379200001,35.84292373696364,2.9011800116554434,32.145654467648356,9.515866137079003,14.854233538794267,1,Balzers
9.5249,47.2098,CR/LFINF+CDN/HBET:3-5,"Concrete frame with infill panels, mid rise, pre code",522.0766,1044.1532,Res,ALL,URBAN,90.0,2126.25,199807068.0456,59942120.41367999,99903534.02279998,39961413.609120004,1900.4254528958245,153.82328679556738,1704.392766578714,504.5401526384066,787.5854020042293,2,Eschen
9.5249,47.2098,CR/LWAL+CDN/HBET:3-5,"Concrete wall, mid rise, pre code",22.699,45.398,Res,ALL,URBAN,90.0,2126.25,8687270.484,2606181.1452,4343635.242,1737454.0968,82.62721832776856,6.687970992277078,74.10405550282258,21.936534939402623,34.242853811500765,2,Eschen
9.5249,47.2098,MR/LWAL+CDL/HBET:1-2,"Confined or reinforced masonry, low rise",351.8342,351.8342,Res,ALL,URBAN,90.0,2126.25,67326288.84359999,20197886.65308,33663144.421799995,13465257.76872,1280.7215428947009,103.66352276421145,1148.6125543020269,340.0162009800284,530.7640926820889,2,Eschen
9.5249,47.2098,MR/LWAL+CDL/HBET:1-2,"Confined or reinforced masonry, low rise",170.2424,170.2424,Res,ALL,URBAN,90.0,2126.25,32577245.1792,9773173.553760001,16288622.5896,6515449.03584,619.7039100011233,50.15976403135593,555.7802122766873,164.52395165837817,256.82130932214045,2,Eschen
9.5249,47.2098,S/LFM+CDL/H:1,"Steel, low rise",56.7475,113.495,Res,ALL,URBAN,90.0,2025.0,20684463.75,6205339.125,10342231.875,4136892.75,206.5680458194214,16.719927480692693,185.26013875705638,54.841337348506535,85.60713452875189,2,Eschen
9.5249,47.2098,W/LFM+CDL/H:1,"Wood, low rise",11.3495,11.3495,Res,ALL,URBAN,120.0,1923.75,2620100.1720000003,786030.0516,1310050.086,524020.03440000006,41.31360916388428,3.34398549613854,37.05202775141129,10.968267469701312,17.121426905750383,2,Eschen
9.5086,47.2155,CR/LFINF+CDN/HBET:3-5,"Concrete frame with infill panels, mid rise, pre code",234.534,469.068,Res,ALL,URBAN,90.0,2126.25,89759914.344,26927974.3032,44879957.172,17951982.8688,853.7337662828376,69.1024916435823,765.6694208232303,226.656070142898,353.80932753657015,3,Gamprin
9.5086,47.2155,CR/LWAL+CDN/HBET:3-5,"Concrete wall, mid rise, pre code",10.1971,20.3942,Res,ALL,URBAN,90.0,2126.25,3902593.3236,1170777.99708,1951296.6618,780518.66472,37.11884456944026,3.0044549577173485,33.28996151441336,9.854607807051554,15.38300809306075,3,Gamprin
9.5086,47.2155,MR/LWAL+CDL/HBET:1-2,"Confined or reinforced masonry, low rise",158.0555,158.0555,Res,ALL,URBAN,90.0,2126.25,30245184.368999995,9073555.310699996,15122592.184499998,6049036.873799998,575.3423751477502,46.56907485802163,515.9946584665095,152.7464964932259,238.4367432725857,3,Gamprin
9.5086,47.2155,MR/LWAL+CDL/HBET:1-2,"Confined or reinforced masonry, low rise",76.4785,76.4785,Res,ALL,URBAN,90.0,2126.25,14634772.802999998,4390431.840899998,7317386.401499999,2926954.5605999995,278.3915048636576,22.533425990921746,249.6748643539616,73.90960384324273,115.37263139604202,3,Gamprin
9.5086,47.2155,S/LFM+CDL/H:1,"Steel, low rise",25.4928,50.9856,Res,ALL,URBAN,90.0,2025.0,9292125.6,2787637.68,4646062.8,1858425.12,92.79716828788588,7.511141996973915,83.22495478465387,24.63653461441425,38.457543798680675,3,Gamprin
9.5086,47.2155,W/LFM+CDL/H:1,"Wood, low rise",5.0986,5.0986,Res,ALL,URBAN,120.0,1923.75,1177042.4016,353112.72048,588521.2008,235408.48031999997,18.559479149005377,1.502232081539219,16.645031755827173,4.9273190003111385,7.691527612559178,3,Gamprin
9.5468,47.2179,CR/LFINF+CDN/HBET:3-5,"Concrete frame with infill panels, mid rise, pre code",528.9897,1057.9794,Res,ALL,URBAN,90.0,2126.25,202452822.02519995,60735846.60755998,101226411.01259996,40490564.40504,1925.5901736910916,155.86015704381745,1726.9616960945082,511.2210840329005,798.0143123904086,4,Mauren
9.5468,47.2179,CR/LWAL+CDN/HBET:3-5,"Concrete wall, mid rise, pre code",22.9996,45.9992,Res,ALL,URBAN,90.0,2126.25,8802314.9136,2640694.47408,4401157.4568,1760462.98272,83.72128717601036,6.776526565957044,75.08526896123054,22.22699708978465,34.696264205657414,4,Mauren
9.5468,47.2179,MR/LWAL+CDL/HBET:1-2,"Confined or reinforced masonry, low rise",356.4931,356.4931,Res,ALL,URBAN,90.0,2126.25,68217806.62979999,20465341.98894,34108903.3149,13643561.325960001,1297.6802924138726,105.03618938841744,1163.8219748907966,344.51854547237417,537.7922365838626,4,Mauren
9.5468,47.2179,MR/LWAL+CDL/HBET:1-2,"Confined or reinforced masonry, low rise",172.4966,172.4966,Res,ALL,URBAN,90.0,2126.25,33008604.382799994,9902581.314839998,16504302.191399995,6601720.876559999,627.9097675486486,50.82395845003894,563.1396192064702,166.70250836695558,260.2220286744883,4,Mauren
9.5468,47.2179,S/LFM+CDL/H:1,"Steel, low rise",57.4989,114.9978,Res,ALL,URBAN,90.0,2025.0,20958349.05,6287504.715,10479174.525,4191669.8100000005,209.30333166859646,16.9413256202537,187.71327440031737,55.56752291803234,86.74070764620113,4,Mauren
9.5468,47.2179,W/LFM+CDL/H:1,"Wood, low rise",11.4998,11.4998,Res,ALL,URBAN,120.0,1923.75,2654797.8288000003,796439.3486400001,1327398.9144,530959.56576,41.86064358800518,3.388263282978522,37.542634480615284,11.113498544892325,17.348132102828707,4,Mauren
9.5466,47.1866,CR/LFINF+CDN/HBET:3-5,"Concrete frame with infill panels, mid rise, pre code",4.5894,9.1788,Res,ALL,RURAL,90.0,1771.875,1463752.4148,439125.72443999996,731876.2074000002,292750.48296000005,16.705817178371962,1.352193901143194,14.982578724788532,4.435193991051616,6.9233222056611154,5,Planken
9.5466,47.1866,CR/LFINF+CDN/HBET:3-5,"Concrete frame with infill panels, mid rise, pre code",117.5506,235.1012,Res,ALL,URBAN,90.0,2126.25,44988495.42959999,13496548.628879998,22494247.7148,8997699.085919999,427.8993111044478,34.634812089760665,383.76064136540174,113.60213230649764,177.33252858722003,5,Planken
9.5466,47.1866,CR/LWAL+CDN/HBET:3-5,"Concrete wall, mid rise, pre code",5.1109,10.2218,Res,ALL,URBAN,90.0,2126.25,1956023.2044,586806.9613199999,978011.6021999998,391204.64088,18.60428820578368,1.50585899380844,16.68521866878068,4.939215267177098,7.7100976432554065,5,Planken
9.5466,47.1866,MR/LWAL+CDL/HBET:1-2,"Confined or reinforced masonry, low rise",4.3478,4.3478,Res,ALL,RURAL,120.0,1771.875,924464.0184,277339.20551999996,462232.0092,184892.80367999998,15.826581599810885,1.2810272545610928,14.194038054627189,4.201767495770592,6.558944268319625,5,Planken
9.5466,47.1866,MR/LWAL+CDL/HBET:1-2,"Confined or reinforced masonry, low rise",79.2189,79.2189,Res,ALL,URBAN,90.0,2126.25,15159170.2662,4547751.079859999,7579585.133099998,3031834.0532400003,288.36697896821437,23.340855828155732,258.6213483536851,76.5579725123133,119.50672556471805,5,Planken
9.5466,47.1866,MR/LWAL+CDL/HBET:1-2,"Confined or reinforced masonry, low rise",2.7778,2.7778,Res,ALL,RURAL,120.0,1771.875,590638.0584,177191.41752000002,295319.0292,118127.61168,10.111379746308133,0.8184302437357996,9.068370702716956,2.684449986087853,4.190416977513536,5,Planken
9.5466,47.1866,MR/LWAL+CDL/HBET:1-2,"Confined or reinforced masonry, low rise",38.3317,38.3317,Res,ALL,URBAN,90.0,2126.25,7335077.448599999,2200523.2345799995,3667538.7243,1467015.4897200002,139.53233213623338,11.293956261604936,125.13929301171663,37.044159794184324,57.825803022501965,5,Planken
9.5466,47.1866,S/LFM+CDL/H:1,"Steel, low rise",12.7772,25.5544,Res,ALL,URBAN,90.0,2025.0,4657289.4,1397186.82,2328644.7,931457.88,46.51077737874446,3.764652087201645,41.7130976705722,12.348053264728108,19.27526767416732,5,Planken
9.5466,47.1866,W/LFM+CDL/H:1,"Wood, low rise",2.5554,2.5554,Res,ALL,URBAN,120.0,1923.75,589929.4224,176978.82672,294964.7112,117985.88448,9.302200967177091,0.7529340995847648,8.34266033301084,2.469622730373912,3.8550723876565063,5,Planken
9.5279,47.2404,CR/LFINF+CDN/HBET:3-5,"Concrete frame with infill panels, mid rise, pre code",15.6753,31.3506,Res,ALL,RURAL,90.0,1771.875,4999511.5326,1499853.45978,2499755.7663,999902.3065200001,57.06012585006083,4.6185321764927,51.174259748375356,15.148778691680949,23.647190205516328,6,Ruggell
9.5279,47.2404,CR/LFINF+CDN/HBET:3-5,"Concrete frame with infill panels, mid rise, pre code",230.7132,461.4264,Res,ALL,URBAN,90.0,2126.25,88297633.05119999,26489289.91536,44148816.5256,17659526.610239998,839.8254444817057,67.97673121451601,753.1957702325287,222.9635776045591,348.045359683868,6,Ruggell
9.5279,47.2404,CR/LWAL+CDN/HBET:3-5,"Concrete wall, mid rise, pre code",10.031,20.062,Res,ALL,URBAN,90.0,2126.25,3839024.196,1151707.2587999995,1919512.098,767804.8391999998,36.51414976007417,2.9555100528050438,32.747642184023,9.694068591502573,15.132406942776873,6,Ruggell
9.5279,47.2404,MR/LWAL+CDL/HBET:1-2,"Confined or reinforced masonry, low rise",14.8503,14.8503,Res,ALL,RURAL,120.0,1771.875,3157589.5884,947276.87652,1578794.7942,631517.9176800001,54.057009217350476,4.375455411566174,48.480920602562335,14.351487263095944,22.402621092408147,6,Ruggell
9.5279,47.2404,MR/LWAL+CDL/HBET:1-2,"Confined or reinforced masonry, low rise",155.4806,155.4806,Res,ALL,URBAN,90.0,2126.25,29752456.6548,8925736.996439999,14876228.3274,5950491.33096,565.9693212811496,45.81040581847817,507.5884538523565,150.25806316828985,234.5523076130415,6,Ruggell
9.5279,47.2404,MR/LWAL+CDL/HBET:1-2,"Confined or reinforced masonry, low rise",9.4877,9.4877,Res,ALL,RURAL,120.0,1771.875,2017350.6756,605205.20268,1008675.3378,403470.13512,34.53640991902164,2.7954288234604903,30.973910163054715,9.169002396581217,14.31278046103214,6,Ruggell
9.5279,47.2404,MR/LWAL+CDL/HBET:1-2,"Confined or reinforced masonry, low rise",75.2326,75.2326,Res,ALL,URBAN,90.0,2126.25,14396359.8708,4318907.96124,7198179.9354,2879271.9741599998,273.85612320055617,22.166325396037827,245.60731638017242,72.70551443626927,113.49305207082651,6,Ruggell
9.5279,47.2404,S/LFM+CDL/H:1,"Steel, low rise",25.0775,50.155,Res,ALL,URBAN,90.0,2025.0,9140748.75,2742224.625,4570374.375,1828149.75,91.28537440018542,7.388775132012608,81.86910546005748,24.235171478756428,37.83101735694217,6,Ruggell
9.5279,47.2404,W/LFM+CDL/H:1,"Wood, low rise",5.0155,5.0155,Res,ALL,URBAN,120.0,1923.75,1157858.2680000002,347357.4804000001,578929.1340000001,231571.65360000005,18.257074880037084,1.4777550264025217,16.3738210920115,4.8470342957512855,7.566203471388436,6,Ruggell
9.5117,47.1695,CR/LFINF+CDN/HBET:3-5,"Concrete frame with infill panels, mid rise, pre code",43.871,87.742,Res,ALL,RURAL,90.0,1771.875,13992304.482,4197691.3446,6996152.241,2798460.8964000004,159.6961802293289,12.926048372032227,143.22319984631318,42.397419496724076,66.18222257168982,7,Schaan
9.5117,47.1695,CR/LFINF+CDN/HBET:3-5,"Concrete frame with infill panels, mid rise, pre code",667.3933,1334.7866,Res,ALL,URBAN,90.0,2126.25,255422094.20279995,76626628.26083998,127711047.10139996,51084418.84055999,2429.396936806549,196.6390321605273,2178.79978398108,644.9757339588971,1006.8048500335012,7,Schaan
9.5117,47.1695,CR/LWAL+CDN/HBET:3-5,"Concrete wall, mid rise, pre code",29.0171,58.0342,Res,ALL,URBAN,90.0,2126.25,11105308.443599997,3331592.5330799986,5552654.221799999,2221061.6887199995,105.62597849780008,8.549525138579687,94.730447563795,28.042429779423948,43.77413416059953,7,Schaan
9.5117,47.1695,MR/LWAL+CDL/HBET:1-2,"Confined or reinforced masonry, low rise",41.562,41.562,Res,ALL,RURAL,120.0,1771.875,8837244.935999999,2651173.4808,4418622.4679999985,1767448.9872,151.29118395485244,12.24573536608169,135.68519574754148,40.16599384580587,62.698974986476344,7,Schaan
9.5117,47.1695,MR/LWAL+CDL/HBET:1-2,"Confined or reinforced masonry, low rise",449.7651,449.7651,Res,ALL,URBAN,90.0,2126.25,86066150.0058,25819845.00174,43033075.0029,17213230.00116,1637.2022686659045,132.5176074292213,1468.3215802484788,434.6575559035736,678.4989145270912,7,Schaan
9.5117,47.1695,MR/LWAL+CDL/HBET:1-2,"Confined or reinforced masonry, low rise",26.5535,26.5535,Res,ALL,RURAL,120.0,1771.875,5646017.597999999,1693805.2794,2823008.7989999996,1129203.5196,96.65825325647322,7.823664005958828,86.68776111656149,25.661606340554567,40.057677154358295,7,Schaan
9.5117,47.1695,MR/LWAL+CDL/HBET:1-2,"Confined or reinforced masonry, low rise",217.6283,217.6283,Res,ALL,URBAN,90.0,2126.25,41644916.23139999,12493474.869419998,20822458.115699995,8328983.246279999,792.1946681406447,64.12142473130599,710.4782037326011,210.31817805532356,328.30593550641015,7,Schaan
9.5117,47.1695,S/LFM+CDL/H:1,"Steel, low rise",2.309,4.618,Res,ALL,RURAL,120.0,1687.5,935145.0,280543.5,467572.50000000006,187029.00000000003,8.405110003046996,0.6803222113116287,7.538106096012694,2.2314558444889414,3.483294717271088,7,Schaan
9.5117,47.1695,S/LFM+CDL/H:1,"Steel, low rise",72.5428,145.0856,Res,ALL,URBAN,90.0,2025.0,26441850.6,7932555.18,13220925.3,5288370.120000001,264.06488938021494,21.37380824376867,236.82606791086695,70.1060593517745,109.43531183547005,7,Schaan
9.5117,47.1695,W/LFM+CDL/H:1,"Wood, low rise",1.1545,1.1545,Res,ALL,RURAL,170.0,1603.125,314632.4215,94389.72645,157316.21075,62926.4843,4.202498137238247,0.3401565029752696,3.769002049385847,1.1157128254591075,1.7416237926067415,7,Schaan
9.5117,47.1695,W/LFM+CDL/H:1,"Wood, low rise",14.5086,14.5086,Res,ALL,URBAN,120.0,1923.75,3349397.3616,1004819.20848,1674698.6808,669879.4723200001,52.81293238461478,4.2747579666092985,47.365172783276996,14.021199792926607,21.887043514270967,7,Schaan
9.5456,47.2329,CR/LFINF+CDN/HBET:3-5,"Concrete frame with infill panels, mid rise, pre code",158.1607,316.3214,Res,ALL,URBAN,90.0,2126.25,60530630.46119998,18159189.138359994,30265315.23059999,12106126.092239998,575.7249580589232,46.60004169272634,516.3377771852292,152.84806766514743,238.59529551436768,8,Schellenberg
9.5456,47.2329,CR/LWAL+CDN/HBET:3-5,"Concrete wall, mid rise, pre code",6.8766,13.7532,Res,ALL,URBAN,90.0,2126.25,2631784.8456,789535.4536799998,1315892.4227999998,526356.9691199999,25.031544639207645,2.026090770414426,22.449490746584097,6.64557472317396,10.37371874672416,8,Schellenberg
9.5456,47.2329,MR/LWAL+CDL/HBET:1-2,"Confined or reinforced masonry, low rise",106.5865,106.5865,Res,ALL,URBAN,90.0,2126.25,20396179.467,6118853.840099999,10198089.733499998,4079235.8934,387.98854385772177,31.40437472265979,347.96674958170996,103.00630253169884,160.79247561202288,8,Schellenberg
9.5456,47.2329,MR/LWAL+CDL/HBET:1-2,"Confined or reinforced masonry, low rise",51.5741,51.5741,Res,ALL,URBAN,90.0,2126.25,9869116.6278,2960734.98834,4934558.3139,1973823.32556,187.7364142012016,15.195666970066561,168.37102760351922,49.841765133448604,77.8028199023448,8,Schellenberg
9.5456,47.2329,S/LFM+CDL/H:1,"Steel, low rise",17.1914,34.3828,Res,ALL,URBAN,90.0,2025.0,6266265.300000002,1879879.59,3133132.650000001,1253253.0600000005,62.57880473373386,5.0652223233555205,56.123675867839744,16.613921711149533,25.9342733007816,8,Schellenberg
9.5456,47.2329,W/LFM+CDL/H:1,"Wood, low rise",3.4383,3.4383,Res,ALL,URBAN,120.0,1923.75,793752.1847999998,238125.65544,396876.0924,158750.43696,12.51571545531857,1.013040782526668,11.224694374671547,3.3227722648016167,5.186835807333278,8,Schellenberg
9.5473,47.1172,CR/LFINF+CDN/HBET:3-5,"Concrete frame with infill panels, mid rise, pre code",8.2615,16.523,Res,ALL,RURAL,90.0,1771.875,2634939.333,790481.7999,1317469.6665,526987.8666000001,30.07279098390779,2.4341368114239725,26.970722448335728,7.983965132735713,12.46294146416514,9,Triesenberg
9.5473,47.1172,CR/LFINF+CDN/HBET:3-5,"Concrete frame with infill panels, mid rise, pre code",437.1178,874.2356,Res,ALL,URBAN,90.0,2126.25,167291975.94479996,50187592.78343999,83645987.97239998,33458395.188959993,1591.1647158690241,128.79125884951264,1427.0328930977025,422.4351380866355,659.4197633446169,9,Triesenberg
9.5473,47.1172,CR/LWAL+CDN/HBET:3-5,"Concrete wall, mid rise, pre code",19.0051,38.0102,Res,ALL,URBAN,90.0,2126.25,7273555.851599999,2182066.75548,3636777.9258,1454711.1703199998,69.18108943716241,5.5996211506780815,62.04492169954025,18.366749072493374,28.670430640903906,9,Triesenberg
9.5473,47.1172,MR/LWAL+CDL/HBET:1-2,"Confined or reinforced masonry, low rise",7.8267,7.8267,Res,ALL,RURAL,120.0,1771.875,1664175.5676,499252.67028,832087.7838,332835.11351999996,28.49003046821325,2.3060258011428827,25.551226845356112,7.563761208944999,11.807004618481331,9,Triesenberg
9.5473,47.1172,MR/LWAL+CDL/HBET:1-2,"Confined or reinforced masonry, low rise",294.5794,294.5794,Res,ALL,URBAN,90.0,2126.25,56370124.8252,16911037.447559994,28185062.4126,11274024.96504,1072.3066588188763,86.79410942478809,961.6960823483915,284.6845502365059,444.3915806698952,9,Triesenberg
9.5473,47.1172,MR/LWAL+CDL/HBET:1-2,"Confined or reinforced masonry, low rise",5.0004,5.0004,Res,ALL,RURAL,120.0,1771.875,1063225.0512,318967.51536,531612.5256,212645.01024000003,18.201916523342977,1.4732904262741655,16.3243524301271,4.83239041394928,7.543344423450183,9,Triesenberg
9.5473,47.1172,MR/LWAL+CDL/HBET:1-2,"Confined or reinforced masonry, low rise",142.5384,142.5384,Res,ALL,URBAN,90.0,2126.25,27275863.1472,8182758.944159999,13637931.573599998,5455172.629439998,518.8580570501476,41.99714942472453,465.3368107493108,137.7505878501296,215.0281826747216,9,Triesenberg
9.5473,47.1172,S/LFM+CDL/H:1,"Steel, low rise",47.5128,95.0256,Res,ALL,URBAN,90.0,2025.0,17318415.599999998,5195524.679999999,8659207.799999999,3463683.12,172.95272359290604,13.999052876695206,155.1123042488506,45.916872681233436,71.67607660225973,9,Triesenberg
9.5473,47.1172,W/LFM+CDL/H:1,"Wood, low rise",9.5026,9.5026,Res,ALL,URBAN,120.0,1923.75,2193732.2256,658119.6676800001,1096866.1128,438746.4451200001,34.59054471858121,2.7998105753390408,31.022460849770123,9.183374536246687,14.335215320451953,9,Triesenberg
9.5271,47.1119,CR/LFINF+CDN/HBET:3-5,"Concrete frame with infill panels, mid rise, pre code",60.2975,120.595,Res,ALL,RURAL,90.0,1771.875,19231405.245,5769421.5735,9615702.6225,3846281.0490000006,219.4906821000008,17.765905045197215,196.84977926002156,58.27214220936501,90.96260883819458,10,Triesen
9.5271,47.1119,CR/LFINF+CDN/HBET:3-5,"Concrete frame with infill panels, mid rise, pre code",485.3473,970.6946,Res,ALL,URBAN,90.0,2126.25,185750177.2668,55725053.18004,92875088.6334,37150035.45336,1766.7262591407057,143.0014735042374,1584.4849120578233,469.0446210867476,732.1770022162693,10,Triesen
9.5271,47.1119,CR/LWAL+CDN/HBET:3-5,"Concrete wall, mid rise, pre code",21.1021,42.2042,Res,ALL,URBAN,90.0,2126.25,8076111.303599997,2422833.3910799995,4038055.6517999987,1615222.2607199997,76.81420990363297,6.217457370914909,68.8906705236534,20.393250958895713,31.83379295115468,10,Triesen
9.5271,47.1119,MR/LWAL+CDL/HBET:1-2,"Confined or reinforced masonry, low rise",57.124,57.124,Res,ALL,RURAL,120.0,1771.875,12146161.872000001,3643848.5616,6073080.936000001,2429232.3744,207.93847509398626,16.830852081819888,186.48920551109143,55.20516987575223,86.17507582288782,10,Triesen
9.5271,47.1119,MR/LWAL+CDL/HBET:1-2,"Confined or reinforced masonry, low rise",327.0819,327.0819,Res,ALL,URBAN,90.0,2126.25,62589738.2202,18776921.46606,31294869.1101,12517947.64404,1190.6198554563139,96.37055703041727,1067.8050361262842,316.0952841853859,493.4236257806959,10,Triesen
9.5271,47.1119,MR/LWAL+CDL/HBET:1-2,"Confined or reinforced masonry, low rise",36.4959,36.4959,Res,ALL,RURAL,120.0,1771.875,7760050.2252,2328015.06756,3880025.1126,1552010.0450400002,132.84964133345898,10.753049243992171,119.14593513063,35.26998557833735,55.05632331765318,10,Triesen
9.5271,47.1119,MR/LWAL+CDL/HBET:1-2,"Confined or reinforced masonry, low rise",158.2654,158.2654,Res,ALL,URBAN,90.0,2126.25,30285350.413199995,9085605.123959998,15142675.206599995,6057070.08264,576.1064036843915,46.63091647382018,516.6798759315392,152.9493369013617,238.7533764355736,10,Triesen
9.5271,47.1119,S/LFM+CDL/H:1,"Steel, low rise",3.1736,6.3472,Res,ALL,RURAL,120.0,1687.5,1285308.0,385592.4,642654.0,257061.6,11.552093277444039,0.9350437580162371,10.360471751689133,3.066942140042064,4.787485883249143,10,Triesen
9.5271,47.1119,S/LFM+CDL/H:1,"Steel, low rise",52.7551,105.5102,Res,ALL,URBAN,90.0,2025.0,19229233.95,5768770.185,9614616.975,3845846.79,192.03546789479716,15.543638824606724,172.226625310513,50.983112300453904,79.58445881185789,10,Triesen
9.5271,47.1119,W/LFM+CDL/H:1,"Wood, low rise",1.5868,1.5868,Res,ALL,RURAL,170.0,1603.125,432445.8436,129733.75308,216222.9218,86489.16872000003,5.776046638722019,0.4675218790081185,5.180235875844566,1.5334710700210317,2.3937429416245717,10,Triesen
9.5271,47.1119,W/LFM+CDL/H:1,"Wood, low rise",10.550999999999998,10.550999999999998,Res,ALL,URBAN,120.0,1923.75,2435761.6559999995,730728.4967999998,1217880.8279999995,487152.3311999999,38.40704808753123,3.108724082776909,34.44528426320621,10.196610382662492,15.916872909548538,10,Triesen
9.5184,47.145,CR/LFINF+CDN/HBET:3-5,"Concrete frame with infill panels, mid rise, pre code",3.915,7.83,Res,ALL,RURAL,90.0,1771.875,1248657.93,374597.379,624328.965,249731.586,14.251213441199054,1.1535145927508137,12.78117227231249,3.7835261540770553,5.906071006380119,11,Vaduz
9.5184,47.145,CR/LFINF+CDN/HBET:3-5,"Concrete frame with infill panels, mid rise, pre code",668.3309,1336.6618,Res,ALL,URBAN,90.0,2126.25,255780928.7244,76734278.61731999,127890464.3622,51156185.74488,2432.810044935924,196.91529425218116,2181.8608231806934,645.8818732099487,1008.2193302142742,11,Vaduz
9.5184,47.145,CR/LWAL+CDN/HBET:3-5,"Concrete wall, mid rise, pre code",29.0579,58.1158,Res,ALL,URBAN,90.0,2126.25,11120923.256399997,3336276.9769199993,5560461.628199998,2224184.65128,105.77439428230689,8.561538134801344,94.86355396329836,28.08183238922109,43.8356414957736,11,Vaduz
9.5184,47.145,MR/LWAL+CDL/HBET:1-2,"Confined or reinforced masonry, low rise",3.709,3.709,Res,ALL,RURAL,120.0,1771.875,788637.252,236591.1756,394318.626,157727.4504,13.50117351872974,1.0928052363662628,12.108500467925728,3.5843995551405214,5.595235086477504,11,Vaduz
9.5184,47.145,MR/LWAL+CDL/HBET:1-2,"Confined or reinforced masonry, low rise",450.3969,450.3969,Res,ALL,URBAN,90.0,2126.25,86187049.99019998,25856114.997059993,43093524.99509999,17237409.998039998,1639.5024290043334,132.70378585725427,1470.384474447679,435.26822087150254,679.4521603921453,11,Vaduz
9.5184,47.145,MR/LWAL+CDL/HBET:1-2,"Confined or reinforced masonry, low rise",2.3696,2.3696,Res,ALL,RURAL,120.0,1771.875,503843.30880000006,151152.99264,251921.65440000003,100768.66176000002,8.625743429823416,0.6981806118250521,7.735980743550272,2.290031371696959,3.574730909024094,11,Vaduz
9.5184,47.145,MR/LWAL+CDL/HBET:1-2,"Confined or reinforced masonry, low rise",217.93400000000003,217.93400000000003,Res,ALL,URBAN,90.0,2126.25,41703414.372,12511024.3116,20851707.186,8340682.874400001,793.3076159315901,64.21150839492681,711.4763487330147,210.613652338446,328.76716982212923,11,Vaduz
9.5184,47.145,S/LFM+CDL/H:1,"Steel, low rise",72.6447,145.2894,Res,ALL,URBAN,90.0,2025.0,26478993.15,7943697.944999998,13239496.575,5295798.63,264.4358719771967,21.40383613164227,237.1587829110049,70.20455077948199,109.5890566073764,11,Vaduz
9.5184,47.145,W/LFM+CDL/H:1,"Wood, low rise",14.5289,14.5289,Res,ALL,URBAN,120.0,1923.75,3354083.7384,1006225.12152,1677041.8692,670816.74768,52.88719714115344,4.280769067400672,47.43177698164918,14.040916194610546,21.9178207478868,11,Vaduz
